time,geo,age,sex,citizen,unit,freq,value,year
2022-03,EU27_2020,TOTAL,T,UA,PER,M,NA,2022
2022-04,EU27_2020,TOTAL,T,UA,PER,M,NA,2022
2022-05,EU27_2020,TOTAL,T,UA,PER,M,NA,2022
2022-06,EU27_2020,TOTAL,T,UA,PER,M,NA,2022
2022-07,EU27_2020,TOTAL,T,UA,PER,M,NA,2022
2022-08,EU27_2020,TOTAL,T,UA,PER,M,232100,2022
2022-09,EU27_2020,TOTAL,T,UA,PER,M,193300,2022
2022-10,EU27_2020,TOTAL,T,UA,PER,M,173600,2022
2022-11,EU27_2020,TOTAL,T,UA,PER,M,145035,2022
2022-12,EU27_2020,TOTAL,T,UA,PER,M,116370,2022
2023-01,EU27_2020,TOTAL,T,UA,PER,M,109785,2023
2023-02,EU27_2020,TOTAL,T,UA,PER,M,96115,2023
2023-03,EU27_2020,TOTAL,T,UA,PER,M,100885,2023
2023-04,EU27_2020,TOTAL,T,UA,PER,M,69495,2023
2023-05,EU27_2020,TOTAL,T,UA,PER,M,81910,2023
2023-06,EU27_2020,TOTAL,T,UA,PER,M,84355,2023
2023-07,EU27_2020,TOTAL,T,UA,PER,M,83420,2023
2023-08,EU27_2020,TOTAL,T,UA,PER,M,80335,2023
2023-09,EU27_2020,TOTAL,T,UA,PER,M,75770,2023
2023-10,EU27_2020,TOTAL,T,UA,PER,M,76840,2023
2023-11,EU27_2020,TOTAL,T,UA,PER,M,63940,2023
2023-12,EU27_2020,TOTAL,T,UA,PER,M,46475,2023
2024-01,EU27_2020,TOTAL,T,UA,PER,M,61875,2024
2024-02,EU27_2020,TOTAL,T,UA,PER,M,56115,2024
2024-03,EU27_2020,TOTAL,T,UA,PER,M,53390,2024
2024-04,EU27_2020,TOTAL,T,UA,PER,M,59550,2024
2024-05,EU27_2020,TOTAL,T,UA,PER,M,60560,2024
2024-06,EU27_2020,TOTAL,T,UA,PER,M,65940,2024
2024-07,EU27_2020,TOTAL,T,UA,PER,M,75940,2024
2024-08,EU27_2020,TOTAL,T,UA,PER,M,65770,2024
2024-09,EU27_2020,TOTAL,T,UA,PER,M,66170,2024
2024-10,EU27_2020,TOTAL,T,UA,PER,M,64400,2024
2024-11,EU27_2020,TOTAL,T,UA,PER,M,54040,2024
2024-12,EU27_2020,TOTAL,T,UA,PER,M,43320,2024
2025-01,EU27_2020,TOTAL,T,UA,PER,M,50750,2025
2025-02,EU27_2020,TOTAL,T,UA,PER,M,40975,2025
2025-03,EU27_2020,TOTAL,T,UA,PER,M,44025,2025
2025-04,EU27_2020,TOTAL,T,UA,PER,M,44380,2025
2025-05,EU27_2020,TOTAL,T,UA,PER,M,43340,2025
2025-06,EU27_2020,TOTAL,T,UA,PER,M,51885,2025
2025-07,EU27_2020,TOTAL,T,UA,PER,M,62360,2025
2025-08,EU27_2020,TOTAL,T,UA,PER,M,52835,2025
2025-09,EU27_2020,TOTAL,T,UA,PER,M,79235,2025
2025-10,EU27_2020,TOTAL,T,UA,PER,M,74130,2025
2025-11,EU27_2020,TOTAL,T,UA,PER,M,53665,2025
2025-12,EU27_2020,TOTAL,T,UA,PER,M,45650,2025
2026-01,EU27_2020,TOTAL,T,UA,PER,M,56820,2026
2026-02,EU27_2020,TOTAL,T,UA,PER,M,52915,2026
2026-03,EU27_2020,TOTAL,T,UA,PER,M,57765,2026
2026-04,EU27_2020,TOTAL,T,UA,PER,M,45615,2026
2026-05,EU27_2020,TOTAL,T,UA,PER,M,46420,2026
2026-06,EU27_2020,TOTAL,T,UA,PER,M,42570,2026
2026-07,EU27_2020,TOTAL,T,UA,PER,M,44750,2026
2026-08,EU27_2020,TOTAL,T,UA,PER,M,NA,2026
2022-03,EU27_2020,Y_LT14,T,UA,PER,M,NA,2022
2022-04,EU27_2020,Y_LT14,T,UA,PER,M,NA,2022
2022-05,EU27_2020,Y_LT14,T,UA,PER,M,NA,2022
2022-06,EU27_2020,Y_LT14,T,UA,PER,M,NA,2022
2022-07,EU27_2020,Y_LT14,T,UA,PER,M,NA,2022
2022-08,EU27_2020,Y_LT14,T,UA,PER,M,NA,2022
2022-09,EU27_2020,Y_LT14,T,UA,PER,M,NA,2022
2022-10,EU27_2020,Y_LT14,T,UA,PER,M,NA,2022
2022-11,EU27_2020,Y_LT14,T,UA,PER,M,NA,2022
2022-12,EU27_2020,Y_LT14,T,UA,PER,M,NA,2022
2023-01,EU27_2020,Y_LT14,T,UA,PER,M,NA,2023
2023-02,EU27_2020,Y_LT14,T,UA,PER,M,NA,2023
2023-03,EU27_2020,Y_LT14,T,UA,PER,M,NA,2023
2023-04,EU27_2020,Y_LT14,T,UA,PER,M,NA,2023
2023-05,EU27_2020,Y_LT14,T,UA,PER,M,NA,2023
2023-06,EU27_2020,Y_LT14,T,UA,PER,M,NA,2023
2023-07,EU27_2020,Y_LT14,T,UA,PER,M,NA,2023
2023-08,EU27_2020,Y_LT14,T,UA,PER,M,NA,2023
2023-09,EU27_2020,Y_LT14,T,UA,PER,M,NA,2023
2023-10,EU27_2020,Y_LT14,T,UA,PER,M,NA,2023
2023-11,EU27_2020,Y_LT14,T,UA,PER,M,NA,2023
2023-12,EU27_2020,Y_LT14,T,UA,PER,M,NA,2023
2024-01,EU27_2020,Y_LT14,T,UA,PER,M,NA,2024
2024-02,EU27_2020,Y_LT14,T,UA,PER,M,NA,2024
2024-03,EU27_2020,Y_LT14,T,UA,PER,M,NA,2024
2024-04,EU27_2020,Y_LT14,T,UA,PER,M,NA,2024
2024-05,EU27_2020,Y_LT14,T,UA,PER,M,NA,2024
2024-06,EU27_2020,Y_LT14,T,UA,PER,M,NA,2024
2024-07,EU27_2020,Y_LT14,T,UA,PER,M,NA,2024
2024-08,EU27_2020,Y_LT14,T,UA,PER,M,NA,2024
2024-09,EU27_2020,Y_LT14,T,UA,PER,M,NA,2024
2024-10,EU27_2020,Y_LT14,T,UA,PER,M,NA,2024
2024-11,EU27_2020,Y_LT14,T,UA,PER,M,NA,2024
2024-12,EU27_2020,Y_LT14,T,UA,PER,M,NA,2024
2025-01,EU27_2020,Y_LT14,T,UA,PER,M,8780,2025
2025-02,EU27_2020,Y_LT14,T,UA,PER,M,7160,2025
2025-03,EU27_2020,Y_LT14,T,UA,PER,M,7530,2025
2025-04,EU27_2020,Y_LT14,T,UA,PER,M,7505,2025
2025-05,EU27_2020,Y_LT14,T,UA,PER,M,6815,2025
2025-06,EU27_2020,Y_LT14,T,UA,PER,M,8805,2025
2025-07,EU27_2020,Y_LT14,T,UA,PER,M,11075,2025
2025-08,EU27_2020,Y_LT14,T,UA,PER,M,9700,2025
2025-09,EU27_2020,Y_LT14,T,UA,PER,M,8560,2025
2025-10,EU27_2020,Y_LT14,T,UA,PER,M,7610,2025
2025-11,EU27_2020,Y_LT14,T,UA,PER,M,6280,2025
2025-12,EU27_2020,Y_LT14,T,UA,PER,M,5950,2025
2026-01,EU27_2020,Y_LT14,T,UA,PER,M,8170,2026
2026-02,EU27_2020,Y_LT14,T,UA,PER,M,8175,2026
2026-03,EU27_2020,Y_LT14,T,UA,PER,M,9175,2026
2026-04,EU27_2020,Y_LT14,T,UA,PER,M,7380,2026
2026-05,EU27_2020,Y_LT14,T,UA,PER,M,7030,2026
2026-06,EU27_2020,Y_LT14,T,UA,PER,M,6615,2026
2026-07,EU27_2020,Y_LT14,T,UA,PER,M,7625,2026
2026-08,EU27_2020,Y_LT14,T,UA,PER,M,NA,2026
2022-03,EU27_2020,Y14-17,T,UA,PER,M,NA,2022
2022-04,EU27_2020,Y14-17,T,UA,PER,M,NA,2022
2022-05,EU27_2020,Y14-17,T,UA,PER,M,NA,2022
2022-06,EU27_2020,Y14-17,T,UA,PER,M,NA,2022
2022-07,EU27_2020,Y14-17,T,UA,PER,M,NA,2022
2022-08,EU27_2020,Y14-17,T,UA,PER,M,NA,2022
2022-09,EU27_2020,Y14-17,T,UA,PER,M,NA,2022
2022-10,EU27_2020,Y14-17,T,UA,PER,M,NA,2022
2022-11,EU27_2020,Y14-17,T,UA,PER,M,NA,2022
2022-12,EU27_2020,Y14-17,T,UA,PER,M,NA,2022
2023-01,EU27_2020,Y14-17,T,UA,PER,M,NA,2023
2023-02,EU27_2020,Y14-17,T,UA,PER,M,NA,2023
2023-03,EU27_2020,Y14-17,T,UA,PER,M,NA,2023
2023-04,EU27_2020,Y14-17,T,UA,PER,M,NA,2023
2023-05,EU27_2020,Y14-17,T,UA,PER,M,NA,2023
2023-06,EU27_2020,Y14-17,T,UA,PER,M,NA,2023
2023-07,EU27_2020,Y14-17,T,UA,PER,M,NA,2023
2023-08,EU27_2020,Y14-17,T,UA,PER,M,NA,2023
2023-09,EU27_2020,Y14-17,T,UA,PER,M,NA,2023
2023-10,EU27_2020,Y14-17,T,UA,PER,M,NA,2023
2023-11,EU27_2020,Y14-17,T,UA,PER,M,NA,2023
2023-12,EU27_2020,Y14-17,T,UA,PER,M,NA,2023
2024-01,EU27_2020,Y14-17,T,UA,PER,M,NA,2024
2024-02,EU27_2020,Y14-17,T,UA,PER,M,NA,2024
2024-03,EU27_2020,Y14-17,T,UA,PER,M,NA,2024
2024-04,EU27_2020,Y14-17,T,UA,PER,M,NA,2024
2024-05,EU27_2020,Y14-17,T,UA,PER,M,NA,2024
2024-06,EU27_2020,Y14-17,T,UA,PER,M,NA,2024
2024-07,EU27_2020,Y14-17,T,UA,PER,M,NA,2024
2024-08,EU27_2020,Y14-17,T,UA,PER,M,NA,2024
2024-09,EU27_2020,Y14-17,T,UA,PER,M,NA,2024
2024-10,EU27_2020,Y14-17,T,UA,PER,M,NA,2024
2024-11,EU27_2020,Y14-17,T,UA,PER,M,NA,2024
2024-12,EU27_2020,Y14-17,T,UA,PER,M,NA,2024
2025-01,EU27_2020,Y14-17,T,UA,PER,M,4210,2025
2025-02,EU27_2020,Y14-17,T,UA,PER,M,3410,2025
2025-03,EU27_2020,Y14-17,T,UA,PER,M,3710,2025
2025-04,EU27_2020,Y14-17,T,UA,PER,M,3430,2025
2025-05,EU27_2020,Y14-17,T,UA,PER,M,3285,2025
2025-06,EU27_2020,Y14-17,T,UA,PER,M,5055,2025
2025-07,EU27_2020,Y14-17,T,UA,PER,M,7870,2025
2025-08,EU27_2020,Y14-17,T,UA,PER,M,7245,2025
2025-09,EU27_2020,Y14-17,T,UA,PER,M,8645,2025
2025-10,EU27_2020,Y14-17,T,UA,PER,M,4390,2025
2025-11,EU27_2020,Y14-17,T,UA,PER,M,2880,2025
2025-12,EU27_2020,Y14-17,T,UA,PER,M,2315,2025
2026-01,EU27_2020,Y14-17,T,UA,PER,M,3030,2026
2026-02,EU27_2020,Y14-17,T,UA,PER,M,2665,2026
2026-03,EU27_2020,Y14-17,T,UA,PER,M,3030,2026
2026-04,EU27_2020,Y14-17,T,UA,PER,M,2305,2026
2026-05,EU27_2020,Y14-17,T,UA,PER,M,2330,2026
2026-06,EU27_2020,Y14-17,T,UA,PER,M,2360,2026
2026-07,EU27_2020,Y14-17,T,UA,PER,M,3140,2026
2026-08,EU27_2020,Y14-17,T,UA,PER,M,NA,2026
2022-03,EU27_2020,Y18-34,T,UA,PER,M,NA,2022
2022-04,EU27_2020,Y18-34,T,UA,PER,M,NA,2022
2022-05,EU27_2020,Y18-34,T,UA,PER,M,NA,2022
2022-06,EU27_2020,Y18-34,T,UA,PER,M,NA,2022
2022-07,EU27_2020,Y18-34,T,UA,PER,M,NA,2022
2022-08,EU27_2020,Y18-34,T,UA,PER,M,NA,2022
2022-09,EU27_2020,Y18-34,T,UA,PER,M,NA,2022
2022-10,EU27_2020,Y18-34,T,UA,PER,M,NA,2022
2022-11,EU27_2020,Y18-34,T,UA,PER,M,NA,2022
2022-12,EU27_2020,Y18-34,T,UA,PER,M,NA,2022
2023-01,EU27_2020,Y18-34,T,UA,PER,M,NA,2023
2023-02,EU27_2020,Y18-34,T,UA,PER,M,NA,2023
2023-03,EU27_2020,Y18-34,T,UA,PER,M,NA,2023
2023-04,EU27_2020,Y18-34,T,UA,PER,M,NA,2023
2023-05,EU27_2020,Y18-34,T,UA,PER,M,NA,2023
2023-06,EU27_2020,Y18-34,T,UA,PER,M,NA,2023
2023-07,EU27_2020,Y18-34,T,UA,PER,M,NA,2023
2023-08,EU27_2020,Y18-34,T,UA,PER,M,NA,2023
2023-09,EU27_2020,Y18-34,T,UA,PER,M,NA,2023
2023-10,EU27_2020,Y18-34,T,UA,PER,M,NA,2023
2023-11,EU27_2020,Y18-34,T,UA,PER,M,NA,2023
2023-12,EU27_2020,Y18-34,T,UA,PER,M,NA,2023
2024-01,EU27_2020,Y18-34,T,UA,PER,M,NA,2024
2024-02,EU27_2020,Y18-34,T,UA,PER,M,NA,2024
2024-03,EU27_2020,Y18-34,T,UA,PER,M,NA,2024
2024-04,EU27_2020,Y18-34,T,UA,PER,M,NA,2024
2024-05,EU27_2020,Y18-34,T,UA,PER,M,NA,2024
2024-06,EU27_2020,Y18-34,T,UA,PER,M,NA,2024
2024-07,EU27_2020,Y18-34,T,UA,PER,M,NA,2024
2024-08,EU27_2020,Y18-34,T,UA,PER,M,NA,2024
2024-09,EU27_2020,Y18-34,T,UA,PER,M,NA,2024
2024-10,EU27_2020,Y18-34,T,UA,PER,M,NA,2024
2024-11,EU27_2020,Y18-34,T,UA,PER,M,NA,2024
2024-12,EU27_2020,Y18-34,T,UA,PER,M,NA,2024
2025-01,EU27_2020,Y18-34,T,UA,PER,M,16740,2025
2025-02,EU27_2020,Y18-34,T,UA,PER,M,13800,2025
2025-03,EU27_2020,Y18-34,T,UA,PER,M,14735,2025
2025-04,EU27_2020,Y18-34,T,UA,PER,M,14870,2025
2025-05,EU27_2020,Y18-34,T,UA,PER,M,14425,2025
2025-06,EU27_2020,Y18-34,T,UA,PER,M,16505,2025
2025-07,EU27_2020,Y18-34,T,UA,PER,M,19370,2025
2025-08,EU27_2020,Y18-34,T,UA,PER,M,16430,2025
2025-09,EU27_2020,Y18-34,T,UA,PER,M,40985,2025
2025-10,EU27_2020,Y18-34,T,UA,PER,M,42105,2025
2025-11,EU27_2020,Y18-34,T,UA,PER,M,28475,2025
2025-12,EU27_2020,Y18-34,T,UA,PER,M,22795,2025
2026-01,EU27_2020,Y18-34,T,UA,PER,M,26570,2026
2026-02,EU27_2020,Y18-34,T,UA,PER,M,23345,2026
2026-03,EU27_2020,Y18-34,T,UA,PER,M,24495,2026
2026-04,EU27_2020,Y18-34,T,UA,PER,M,18745,2026
2026-05,EU27_2020,Y18-34,T,UA,PER,M,18805,2026
2026-06,EU27_2020,Y18-34,T,UA,PER,M,16700,2026
2026-07,EU27_2020,Y18-34,T,UA,PER,M,17340,2026
2026-08,EU27_2020,Y18-34,T,UA,PER,M,NA,2026
2022-03,EU27_2020,Y35-64,T,UA,PER,M,NA,2022
2022-04,EU27_2020,Y35-64,T,UA,PER,M,NA,2022
2022-05,EU27_2020,Y35-64,T,UA,PER,M,NA,2022
2022-06,EU27_2020,Y35-64,T,UA,PER,M,NA,2022
2022-07,EU27_2020,Y35-64,T,UA,PER,M,NA,2022
2022-08,EU27_2020,Y35-64,T,UA,PER,M,NA,2022
2022-09,EU27_2020,Y35-64,T,UA,PER,M,NA,2022
2022-10,EU27_2020,Y35-64,T,UA,PER,M,NA,2022
2022-11,EU27_2020,Y35-64,T,UA,PER,M,NA,2022
2022-12,EU27_2020,Y35-64,T,UA,PER,M,NA,2022
2023-01,EU27_2020,Y35-64,T,UA,PER,M,NA,2023
2023-02,EU27_2020,Y35-64,T,UA,PER,M,NA,2023
2023-03,EU27_2020,Y35-64,T,UA,PER,M,NA,2023
2023-04,EU27_2020,Y35-64,T,UA,PER,M,NA,2023
2023-05,EU27_2020,Y35-64,T,UA,PER,M,NA,2023
2023-06,EU27_2020,Y35-64,T,UA,PER,M,NA,2023
2023-07,EU27_2020,Y35-64,T,UA,PER,M,NA,2023
2023-08,EU27_2020,Y35-64,T,UA,PER,M,NA,2023
2023-09,EU27_2020,Y35-64,T,UA,PER,M,NA,2023
2023-10,EU27_2020,Y35-64,T,UA,PER,M,NA,2023
2023-11,EU27_2020,Y35-64,T,UA,PER,M,NA,2023
2023-12,EU27_2020,Y35-64,T,UA,PER,M,NA,2023
2024-01,EU27_2020,Y35-64,T,UA,PER,M,NA,2024
2024-02,EU27_2020,Y35-64,T,UA,PER,M,NA,2024
2024-03,EU27_2020,Y35-64,T,UA,PER,M,NA,2024
2024-04,EU27_2020,Y35-64,T,UA,PER,M,NA,2024
2024-05,EU27_2020,Y35-64,T,UA,PER,M,NA,2024
2024-06,EU27_2020,Y35-64,T,UA,PER,M,NA,2024
2024-07,EU27_2020,Y35-64,T,UA,PER,M,NA,2024
2024-08,EU27_2020,Y35-64,T,UA,PER,M,NA,2024
2024-09,EU27_2020,Y35-64,T,UA,PER,M,NA,2024
2024-10,EU27_2020,Y35-64,T,UA,PER,M,NA,2024
2024-11,EU27_2020,Y35-64,T,UA,PER,M,NA,2024
2024-12,EU27_2020,Y35-64,T,UA,PER,M,NA,2024
2025-01,EU27_2020,Y35-64,T,UA,PER,M,18280,2025
2025-02,EU27_2020,Y35-64,T,UA,PER,M,14560,2025
2025-03,EU27_2020,Y35-64,T,UA,PER,M,15995,2025
2025-04,EU27_2020,Y35-64,T,UA,PER,M,16510,2025
2025-05,EU27_2020,Y35-64,T,UA,PER,M,16730,2025
2025-06,EU27_2020,Y35-64,T,UA,PER,M,19395,2025
2025-07,EU27_2020,Y35-64,T,UA,PER,M,21515,2025
2025-08,EU27_2020,Y35-64,T,UA,PER,M,17210,2025
2025-09,EU27_2020,Y35-64,T,UA,PER,M,18460,2025
2025-10,EU27_2020,Y35-64,T,UA,PER,M,17565,2025
2025-11,EU27_2020,Y35-64,T,UA,PER,M,13725,2025
2025-12,EU27_2020,Y35-64,T,UA,PER,M,12310,2025
2026-01,EU27_2020,Y35-64,T,UA,PER,M,16105,2026
2026-02,EU27_2020,Y35-64,T,UA,PER,M,16010,2026
2026-03,EU27_2020,Y35-64,T,UA,PER,M,18220,2026
2026-04,EU27_2020,Y35-64,T,UA,PER,M,15045,2026
2026-05,EU27_2020,Y35-64,T,UA,PER,M,15965,2026
2026-06,EU27_2020,Y35-64,T,UA,PER,M,15085,2026
2026-07,EU27_2020,Y35-64,T,UA,PER,M,14735,2026
2026-08,EU27_2020,Y35-64,T,UA,PER,M,NA,2026
2022-03,EU27_2020,Y_GE65,T,UA,PER,M,NA,2022
2022-04,EU27_2020,Y_GE65,T,UA,PER,M,NA,2022
2022-05,EU27_2020,Y_GE65,T,UA,PER,M,NA,2022
2022-06,EU27_2020,Y_GE65,T,UA,PER,M,NA,2022
2022-07,EU27_2020,Y_GE65,T,UA,PER,M,NA,2022
2022-08,EU27_2020,Y_GE65,T,UA,PER,M,NA,2022
2022-09,EU27_2020,Y_GE65,T,UA,PER,M,NA,2022
2022-10,EU27_2020,Y_GE65,T,UA,PER,M,NA,2022
2022-11,EU27_2020,Y_GE65,T,UA,PER,M,NA,2022
2022-12,EU27_2020,Y_GE65,T,UA,PER,M,NA,2022
2023-01,EU27_2020,Y_GE65,T,UA,PER,M,NA,2023
2023-02,EU27_2020,Y_GE65,T,UA,PER,M,NA,2023
2023-03,EU27_2020,Y_GE65,T,UA,PER,M,NA,2023
2023-04,EU27_2020,Y_GE65,T,UA,PER,M,NA,2023
2023-05,EU27_2020,Y_GE65,T,UA,PER,M,NA,2023
2023-06,EU27_2020,Y_GE65,T,UA,PER,M,NA,2023
2023-07,EU27_2020,Y_GE65,T,UA,PER,M,NA,2023
2023-08,EU27_2020,Y_GE65,T,UA,PER,M,NA,2023
2023-09,EU27_2020,Y_GE65,T,UA,PER,M,NA,2023
2023-10,EU27_2020,Y_GE65,T,UA,PER,M,NA,2023
2023-11,EU27_2020,Y_GE65,T,UA,PER,M,NA,2023
2023-12,EU27_2020,Y_GE65,T,UA,PER,M,NA,2023
2024-01,EU27_2020,Y_GE65,T,UA,PER,M,NA,2024
2024-02,EU27_2020,Y_GE65,T,UA,PER,M,NA,2024
2024-03,EU27_2020,Y_GE65,T,UA,PER,M,NA,2024
2024-04,EU27_2020,Y_GE65,T,UA,PER,M,NA,2024
2024-05,EU27_2020,Y_GE65,T,UA,PER,M,NA,2024
2024-06,EU27_2020,Y_GE65,T,UA,PER,M,NA,2024
2024-07,EU27_2020,Y_GE65,T,UA,PER,M,NA,2024
2024-08,EU27_2020,Y_GE65,T,UA,PER,M,NA,2024
2024-09,EU27_2020,Y_GE65,T,UA,PER,M,NA,2024
2024-10,EU27_2020,Y_GE65,T,UA,PER,M,NA,2024
2024-11,EU27_2020,Y_GE65,T,UA,PER,M,NA,2024
2024-12,EU27_2020,Y_GE65,T,UA,PER,M,NA,2024
2025-01,EU27_2020,Y_GE65,T,UA,PER,M,2735,2025
2025-02,EU27_2020,Y_GE65,T,UA,PER,M,2040,2025
2025-03,EU27_2020,Y_GE65,T,UA,PER,M,2055,2025
2025-04,EU27_2020,Y_GE65,T,UA,PER,M,2065,2025
2025-05,EU27_2020,Y_GE65,T,UA,PER,M,2085,2025
2025-06,EU27_2020,Y_GE65,T,UA,PER,M,2130,2025
2025-07,EU27_2020,Y_GE65,T,UA,PER,M,2530,2025
2025-08,EU27_2020,Y_GE65,T,UA,PER,M,2250,2025
2025-09,EU27_2020,Y_GE65,T,UA,PER,M,2585,2025
2025-10,EU27_2020,Y_GE65,T,UA,PER,M,2465,2025
2025-11,EU27_2020,Y_GE65,T,UA,PER,M,2305,2025
2025-12,EU27_2020,Y_GE65,T,UA,PER,M,2280,2025
2026-01,EU27_2020,Y_GE65,T,UA,PER,M,2940,2026
2026-02,EU27_2020,Y_GE65,T,UA,PER,M,2720,2026
2026-03,EU27_2020,Y_GE65,T,UA,PER,M,2850,2026
2026-04,EU27_2020,Y_GE65,T,UA,PER,M,2135,2026
2026-05,EU27_2020,Y_GE65,T,UA,PER,M,2290,2026
2026-06,EU27_2020,Y_GE65,T,UA,PER,M,1810,2026
2026-07,EU27_2020,Y_GE65,T,UA,PER,M,1905,2026
2026-08,EU27_2020,Y_GE65,T,UA,PER,M,NA,2026
2022-03,EU27_2020,UNK,T,UA,PER,M,NA,2022
2022-04,EU27_2020,UNK,T,UA,PER,M,NA,2022
2022-05,EU27_2020,UNK,T,UA,PER,M,NA,2022
2022-06,EU27_2020,UNK,T,UA,PER,M,NA,2022
2022-07,EU27_2020,UNK,T,UA,PER,M,NA,2022
2022-08,EU27_2020,UNK,T,UA,PER,M,NA,2022
2022-09,EU27_2020,UNK,T,UA,PER,M,NA,2022
2022-10,EU27_2020,UNK,T,UA,PER,M,NA,2022
2022-11,EU27_2020,UNK,T,UA,PER,M,NA,2022
2022-12,EU27_2020,UNK,T,UA,PER,M,NA,2022
2023-01,EU27_2020,UNK,T,UA,PER,M,NA,2023
2023-02,EU27_2020,UNK,T,UA,PER,M,NA,2023
2023-03,EU27_2020,UNK,T,UA,PER,M,NA,2023
2023-04,EU27_2020,UNK,T,UA,PER,M,NA,2023
2023-05,EU27_2020,UNK,T,UA,PER,M,NA,2023
2023-06,EU27_2020,UNK,T,UA,PER,M,NA,2023
2023-07,EU27_2020,UNK,T,UA,PER,M,NA,2023
2023-08,EU27_2020,UNK,T,UA,PER,M,NA,2023
2023-09,EU27_2020,UNK,T,UA,PER,M,NA,2023
2023-10,EU27_2020,UNK,T,UA,PER,M,NA,2023
2023-11,EU27_2020,UNK,T,UA,PER,M,NA,2023
2023-12,EU27_2020,UNK,T,UA,PER,M,NA,2023
2024-01,EU27_2020,UNK,T,UA,PER,M,NA,2024
2024-02,EU27_2020,UNK,T,UA,PER,M,NA,2024
2024-03,EU27_2020,UNK,T,UA,PER,M,NA,2024
2024-04,EU27_2020,UNK,T,UA,PER,M,NA,2024
2024-05,EU27_2020,UNK,T,UA,PER,M,NA,2024
2024-06,EU27_2020,UNK,T,UA,PER,M,NA,2024
2024-07,EU27_2020,UNK,T,UA,PER,M,NA,2024
2024-08,EU27_2020,UNK,T,UA,PER,M,NA,2024
2024-09,EU27_2020,UNK,T,UA,PER,M,NA,2024
2024-10,EU27_2020,UNK,T,UA,PER,M,NA,2024
2024-11,EU27_2020,UNK,T,UA,PER,M,NA,2024
2024-12,EU27_2020,UNK,T,UA,PER,M,NA,2024
2025-01,EU27_2020,UNK,T,UA,PER,M,0,2025
2025-02,EU27_2020,UNK,T,UA,PER,M,0,2025
2025-03,EU27_2020,UNK,T,UA,PER,M,0,2025
2025-04,EU27_2020,UNK,T,UA,PER,M,0,2025
2025-05,EU27_2020,UNK,T,UA,PER,M,0,2025
2025-06,EU27_2020,UNK,T,UA,PER,M,0,2025
2025-07,EU27_2020,UNK,T,UA,PER,M,0,2025
2025-08,EU27_2020,UNK,T,UA,PER,M,0,2025
2025-09,EU27_2020,UNK,T,UA,PER,M,0,2025
2025-10,EU27_2020,UNK,T,UA,PER,M,0,2025
2025-11,EU27_2020,UNK,T,UA,PER,M,0,2025
2025-12,EU27_2020,UNK,T,UA,PER,M,0,2025
2026-01,EU27_2020,UNK,T,UA,PER,M,0,2026
2026-02,EU27_2020,UNK,T,UA,PER,M,0,2026
2026-03,EU27_2020,UNK,T,UA,PER,M,0,2026
2026-04,EU27_2020,UNK,T,UA,PER,M,5,2026
2026-05,EU27_2020,UNK,T,UA,PER,M,0,2026
2026-06,EU27_2020,UNK,T,UA,PER,M,0,2026
2026-07,EU27_2020,UNK,T,UA,PER,M,0,2026
2026-08,EU27_2020,UNK,T,UA,PER,M,NA,2026
2022-03,EU27_2020,TOTAL,M,UA,PER,M,NA,2022
2022-04,EU27_2020,TOTAL,M,UA,PER,M,NA,2022
2022-05,EU27_2020,TOTAL,M,UA,PER,M,NA,2022
2022-06,EU27_2020,TOTAL,M,UA,PER,M,NA,2022
2022-07,EU27_2020,TOTAL,M,UA,PER,M,NA,2022
2022-08,EU27_2020,TOTAL,M,UA,PER,M,88475,2022
2022-09,EU27_2020,TOTAL,M,UA,PER,M,74770,2022
2022-10,EU27_2020,TOTAL,M,UA,PER,M,68190,2022
2022-11,EU27_2020,TOTAL,M,UA,PER,M,57185,2022
2022-12,EU27_2020,TOTAL,M,UA,PER,M,45715,2022
2023-01,EU27_2020,TOTAL,M,UA,PER,M,46445,2023
2023-02,EU27_2020,TOTAL,M,UA,PER,M,41115,2023
2023-03,EU27_2020,TOTAL,M,UA,PER,M,43600,2023
2023-04,EU27_2020,TOTAL,M,UA,PER,M,30005,2023
2023-05,EU27_2020,TOTAL,M,UA,PER,M,34530,2023
2023-06,EU27_2020,TOTAL,M,UA,PER,M,33135,2023
2023-07,EU27_2020,TOTAL,M,UA,PER,M,34940,2023
2023-08,EU27_2020,TOTAL,M,UA,PER,M,35640,2023
2023-09,EU27_2020,TOTAL,M,UA,PER,M,33485,2023
2023-10,EU27_2020,TOTAL,M,UA,PER,M,33670,2023
2023-11,EU27_2020,TOTAL,M,UA,PER,M,28440,2023
2023-12,EU27_2020,TOTAL,M,UA,PER,M,21400,2023
2024-01,EU27_2020,TOTAL,M,UA,PER,M,28470,2024
2024-02,EU27_2020,TOTAL,M,UA,PER,M,26965,2024
2024-03,EU27_2020,TOTAL,M,UA,PER,M,25395,2024
2024-04,EU27_2020,TOTAL,M,UA,PER,M,27890,2024
2024-05,EU27_2020,TOTAL,M,UA,PER,M,29470,2024
2024-06,EU27_2020,TOTAL,M,UA,PER,M,28910,2024
2024-07,EU27_2020,TOTAL,M,UA,PER,M,34915,2024
2024-08,EU27_2020,TOTAL,M,UA,PER,M,31090,2024
2024-09,EU27_2020,TOTAL,M,UA,PER,M,30635,2024
2024-10,EU27_2020,TOTAL,M,UA,PER,M,29020,2024
2024-11,EU27_2020,TOTAL,M,UA,PER,M,25155,2024
2024-12,EU27_2020,TOTAL,M,UA,PER,M,20330,2024
2025-01,EU27_2020,TOTAL,M,UA,PER,M,24070,2025
2025-02,EU27_2020,TOTAL,M,UA,PER,M,19760,2025
2025-03,EU27_2020,TOTAL,M,UA,PER,M,20900,2025
2025-04,EU27_2020,TOTAL,M,UA,PER,M,20595,2025
2025-05,EU27_2020,TOTAL,M,UA,PER,M,19345,2025
2025-06,EU27_2020,TOTAL,M,UA,PER,M,22630,2025
2025-07,EU27_2020,TOTAL,M,UA,PER,M,28580,2025
2025-08,EU27_2020,TOTAL,M,UA,PER,M,25565,2025
2025-09,EU27_2020,TOTAL,M,UA,PER,M,47820,2025
2025-10,EU27_2020,TOTAL,M,UA,PER,M,43845,2025
2025-11,EU27_2020,TOTAL,M,UA,PER,M,30165,2025
2025-12,EU27_2020,TOTAL,M,UA,PER,M,24750,2025
2026-01,EU27_2020,TOTAL,M,UA,PER,M,29755,2026
2026-02,EU27_2020,TOTAL,M,UA,PER,M,26955,2026
2026-03,EU27_2020,TOTAL,M,UA,PER,M,28875,2026
2026-04,EU27_2020,TOTAL,M,UA,PER,M,22450,2026
2026-05,EU27_2020,TOTAL,M,UA,PER,M,22750,2026
2026-06,EU27_2020,TOTAL,M,UA,PER,M,20365,2026
2026-07,EU27_2020,TOTAL,M,UA,PER,M,22225,2026
2026-08,EU27_2020,TOTAL,M,UA,PER,M,NA,2026
2022-03,EU27_2020,Y_LT14,M,UA,PER,M,NA,2022
2022-04,EU27_2020,Y_LT14,M,UA,PER,M,NA,2022
2022-05,EU27_2020,Y_LT14,M,UA,PER,M,NA,2022
2022-06,EU27_2020,Y_LT14,M,UA,PER,M,NA,2022
2022-07,EU27_2020,Y_LT14,M,UA,PER,M,NA,2022
2022-08,EU27_2020,Y_LT14,M,UA,PER,M,NA,2022
2022-09,EU27_2020,Y_LT14,M,UA,PER,M,NA,2022
2022-10,EU27_2020,Y_LT14,M,UA,PER,M,NA,2022
2022-11,EU27_2020,Y_LT14,M,UA,PER,M,NA,2022
2022-12,EU27_2020,Y_LT14,M,UA,PER,M,NA,2022
2023-01,EU27_2020,Y_LT14,M,UA,PER,M,NA,2023
2023-02,EU27_2020,Y_LT14,M,UA,PER,M,NA,2023
2023-03,EU27_2020,Y_LT14,M,UA,PER,M,NA,2023
2023-04,EU27_2020,Y_LT14,M,UA,PER,M,NA,2023
2023-05,EU27_2020,Y_LT14,M,UA,PER,M,NA,2023
2023-06,EU27_2020,Y_LT14,M,UA,PER,M,NA,2023
2023-07,EU27_2020,Y_LT14,M,UA,PER,M,NA,2023
2023-08,EU27_2020,Y_LT14,M,UA,PER,M,NA,2023
2023-09,EU27_2020,Y_LT14,M,UA,PER,M,NA,2023
2023-10,EU27_2020,Y_LT14,M,UA,PER,M,NA,2023
2023-11,EU27_2020,Y_LT14,M,UA,PER,M,NA,2023
2023-12,EU27_2020,Y_LT14,M,UA,PER,M,NA,2023
2024-01,EU27_2020,Y_LT14,M,UA,PER,M,NA,2024
2024-02,EU27_2020,Y_LT14,M,UA,PER,M,NA,2024
2024-03,EU27_2020,Y_LT14,M,UA,PER,M,NA,2024
2024-04,EU27_2020,Y_LT14,M,UA,PER,M,NA,2024
2024-05,EU27_2020,Y_LT14,M,UA,PER,M,NA,2024
2024-06,EU27_2020,Y_LT14,M,UA,PER,M,NA,2024
2024-07,EU27_2020,Y_LT14,M,UA,PER,M,NA,2024
2024-08,EU27_2020,Y_LT14,M,UA,PER,M,NA,2024
2024-09,EU27_2020,Y_LT14,M,UA,PER,M,NA,2024
2024-10,EU27_2020,Y_LT14,M,UA,PER,M,NA,2024
2024-11,EU27_2020,Y_LT14,M,UA,PER,M,NA,2024
2024-12,EU27_2020,Y_LT14,M,UA,PER,M,NA,2024
2025-01,EU27_2020,Y_LT14,M,UA,PER,M,4530,2025
2025-02,EU27_2020,Y_LT14,M,UA,PER,M,3680,2025
2025-03,EU27_2020,Y_LT14,M,UA,PER,M,3845,2025
2025-04,EU27_2020,Y_LT14,M,UA,PER,M,3880,2025
2025-05,EU27_2020,Y_LT14,M,UA,PER,M,3490,2025
2025-06,EU27_2020,Y_LT14,M,UA,PER,M,4565,2025
2025-07,EU27_2020,Y_LT14,M,UA,PER,M,5730,2025
2025-08,EU27_2020,Y_LT14,M,UA,PER,M,4975,2025
2025-09,EU27_2020,Y_LT14,M,UA,PER,M,4430,2025
2025-10,EU27_2020,Y_LT14,M,UA,PER,M,3920,2025
2025-11,EU27_2020,Y_LT14,M,UA,PER,M,3255,2025
2025-12,EU27_2020,Y_LT14,M,UA,PER,M,3020,2025
2026-01,EU27_2020,Y_LT14,M,UA,PER,M,4195,2026
2026-02,EU27_2020,Y_LT14,M,UA,PER,M,4235,2026
2026-03,EU27_2020,Y_LT14,M,UA,PER,M,4670,2026
2026-04,EU27_2020,Y_LT14,M,UA,PER,M,3830,2026
2026-05,EU27_2020,Y_LT14,M,UA,PER,M,3635,2026
2026-06,EU27_2020,Y_LT14,M,UA,PER,M,3390,2026
2026-07,EU27_2020,Y_LT14,M,UA,PER,M,3935,2026
2026-08,EU27_2020,Y_LT14,M,UA,PER,M,NA,2026
2022-03,EU27_2020,Y14-17,M,UA,PER,M,NA,2022
2022-04,EU27_2020,Y14-17,M,UA,PER,M,NA,2022
2022-05,EU27_2020,Y14-17,M,UA,PER,M,NA,2022
2022-06,EU27_2020,Y14-17,M,UA,PER,M,NA,2022
2022-07,EU27_2020,Y14-17,M,UA,PER,M,NA,2022
2022-08,EU27_2020,Y14-17,M,UA,PER,M,NA,2022
2022-09,EU27_2020,Y14-17,M,UA,PER,M,NA,2022
2022-10,EU27_2020,Y14-17,M,UA,PER,M,NA,2022
2022-11,EU27_2020,Y14-17,M,UA,PER,M,NA,2022
2022-12,EU27_2020,Y14-17,M,UA,PER,M,NA,2022
2023-01,EU27_2020,Y14-17,M,UA,PER,M,NA,2023
2023-02,EU27_2020,Y14-17,M,UA,PER,M,NA,2023
2023-03,EU27_2020,Y14-17,M,UA,PER,M,NA,2023
2023-04,EU27_2020,Y14-17,M,UA,PER,M,NA,2023
2023-05,EU27_2020,Y14-17,M,UA,PER,M,NA,2023
2023-06,EU27_2020,Y14-17,M,UA,PER,M,NA,2023
2023-07,EU27_2020,Y14-17,M,UA,PER,M,NA,2023
2023-08,EU27_2020,Y14-17,M,UA,PER,M,NA,2023
2023-09,EU27_2020,Y14-17,M,UA,PER,M,NA,2023
2023-10,EU27_2020,Y14-17,M,UA,PER,M,NA,2023
2023-11,EU27_2020,Y14-17,M,UA,PER,M,NA,2023
2023-12,EU27_2020,Y14-17,M,UA,PER,M,NA,2023
2024-01,EU27_2020,Y14-17,M,UA,PER,M,NA,2024
2024-02,EU27_2020,Y14-17,M,UA,PER,M,NA,2024
2024-03,EU27_2020,Y14-17,M,UA,PER,M,NA,2024
2024-04,EU27_2020,Y14-17,M,UA,PER,M,NA,2024
2024-05,EU27_2020,Y14-17,M,UA,PER,M,NA,2024
2024-06,EU27_2020,Y14-17,M,UA,PER,M,NA,2024
2024-07,EU27_2020,Y14-17,M,UA,PER,M,NA,2024
2024-08,EU27_2020,Y14-17,M,UA,PER,M,NA,2024
2024-09,EU27_2020,Y14-17,M,UA,PER,M,NA,2024
2024-10,EU27_2020,Y14-17,M,UA,PER,M,NA,2024
2024-11,EU27_2020,Y14-17,M,UA,PER,M,NA,2024
2024-12,EU27_2020,Y14-17,M,UA,PER,M,NA,2024
2025-01,EU27_2020,Y14-17,M,UA,PER,M,3095,2025
2025-02,EU27_2020,Y14-17,M,UA,PER,M,2595,2025
2025-03,EU27_2020,Y14-17,M,UA,PER,M,2760,2025
2025-04,EU27_2020,Y14-17,M,UA,PER,M,2445,2025
2025-05,EU27_2020,Y14-17,M,UA,PER,M,2350,2025
2025-06,EU27_2020,Y14-17,M,UA,PER,M,3525,2025
2025-07,EU27_2020,Y14-17,M,UA,PER,M,5600,2025
2025-08,EU27_2020,Y14-17,M,UA,PER,M,5355,2025
2025-09,EU27_2020,Y14-17,M,UA,PER,M,6145,2025
2025-10,EU27_2020,Y14-17,M,UA,PER,M,2885,2025
2025-11,EU27_2020,Y14-17,M,UA,PER,M,1810,2025
2025-12,EU27_2020,Y14-17,M,UA,PER,M,1400,2025
2026-01,EU27_2020,Y14-17,M,UA,PER,M,1740,2026
2026-02,EU27_2020,Y14-17,M,UA,PER,M,1550,2026
2026-03,EU27_2020,Y14-17,M,UA,PER,M,1760,2026
2026-04,EU27_2020,Y14-17,M,UA,PER,M,1315,2026
2026-05,EU27_2020,Y14-17,M,UA,PER,M,1335,2026
2026-06,EU27_2020,Y14-17,M,UA,PER,M,1335,2026
2026-07,EU27_2020,Y14-17,M,UA,PER,M,1805,2026
2026-08,EU27_2020,Y14-17,M,UA,PER,M,NA,2026
2022-03,EU27_2020,Y18-34,M,UA,PER,M,NA,2022
2022-04,EU27_2020,Y18-34,M,UA,PER,M,NA,2022
2022-05,EU27_2020,Y18-34,M,UA,PER,M,NA,2022
2022-06,EU27_2020,Y18-34,M,UA,PER,M,NA,2022
2022-07,EU27_2020,Y18-34,M,UA,PER,M,NA,2022
2022-08,EU27_2020,Y18-34,M,UA,PER,M,NA,2022
2022-09,EU27_2020,Y18-34,M,UA,PER,M,NA,2022
2022-10,EU27_2020,Y18-34,M,UA,PER,M,NA,2022
2022-11,EU27_2020,Y18-34,M,UA,PER,M,NA,2022
2022-12,EU27_2020,Y18-34,M,UA,PER,M,NA,2022
2023-01,EU27_2020,Y18-34,M,UA,PER,M,NA,2023
2023-02,EU27_2020,Y18-34,M,UA,PER,M,NA,2023
2023-03,EU27_2020,Y18-34,M,UA,PER,M,NA,2023
2023-04,EU27_2020,Y18-34,M,UA,PER,M,NA,2023
2023-05,EU27_2020,Y18-34,M,UA,PER,M,NA,2023
2023-06,EU27_2020,Y18-34,M,UA,PER,M,NA,2023
2023-07,EU27_2020,Y18-34,M,UA,PER,M,NA,2023
2023-08,EU27_2020,Y18-34,M,UA,PER,M,NA,2023
2023-09,EU27_2020,Y18-34,M,UA,PER,M,NA,2023
2023-10,EU27_2020,Y18-34,M,UA,PER,M,NA,2023
2023-11,EU27_2020,Y18-34,M,UA,PER,M,NA,2023
2023-12,EU27_2020,Y18-34,M,UA,PER,M,NA,2023
2024-01,EU27_2020,Y18-34,M,UA,PER,M,NA,2024
2024-02,EU27_2020,Y18-34,M,UA,PER,M,NA,2024
2024-03,EU27_2020,Y18-34,M,UA,PER,M,NA,2024
2024-04,EU27_2020,Y18-34,M,UA,PER,M,NA,2024
2024-05,EU27_2020,Y18-34,M,UA,PER,M,NA,2024
2024-06,EU27_2020,Y18-34,M,UA,PER,M,NA,2024
2024-07,EU27_2020,Y18-34,M,UA,PER,M,NA,2024
2024-08,EU27_2020,Y18-34,M,UA,PER,M,NA,2024
2024-09,EU27_2020,Y18-34,M,UA,PER,M,NA,2024
2024-10,EU27_2020,Y18-34,M,UA,PER,M,NA,2024
2024-11,EU27_2020,Y18-34,M,UA,PER,M,NA,2024
2024-12,EU27_2020,Y18-34,M,UA,PER,M,NA,2024
2025-01,EU27_2020,Y18-34,M,UA,PER,M,8195,2025
2025-02,EU27_2020,Y18-34,M,UA,PER,M,6875,2025
2025-03,EU27_2020,Y18-34,M,UA,PER,M,7225,2025
2025-04,EU27_2020,Y18-34,M,UA,PER,M,7200,2025
2025-05,EU27_2020,Y18-34,M,UA,PER,M,6745,2025
2025-06,EU27_2020,Y18-34,M,UA,PER,M,7345,2025
2025-07,EU27_2020,Y18-34,M,UA,PER,M,8790,2025
2025-08,EU27_2020,Y18-34,M,UA,PER,M,8015,2025
2025-09,EU27_2020,Y18-34,M,UA,PER,M,28600,2025
2025-10,EU27_2020,Y18-34,M,UA,PER,M,29425,2025
2025-11,EU27_2020,Y18-34,M,UA,PER,M,18970,2025
2025-12,EU27_2020,Y18-34,M,UA,PER,M,14630,2025
2026-01,EU27_2020,Y18-34,M,UA,PER,M,16520,2026
2026-02,EU27_2020,Y18-34,M,UA,PER,M,13885,2026
2026-03,EU27_2020,Y18-34,M,UA,PER,M,14220,2026
2026-04,EU27_2020,Y18-34,M,UA,PER,M,10590,2026
2026-05,EU27_2020,Y18-34,M,UA,PER,M,10650,2026
2026-06,EU27_2020,Y18-34,M,UA,PER,M,9210,2026
2026-07,EU27_2020,Y18-34,M,UA,PER,M,9745,2026
2026-08,EU27_2020,Y18-34,M,UA,PER,M,NA,2026
2022-03,EU27_2020,Y35-64,M,UA,PER,M,NA,2022
2022-04,EU27_2020,Y35-64,M,UA,PER,M,NA,2022
2022-05,EU27_2020,Y35-64,M,UA,PER,M,NA,2022
2022-06,EU27_2020,Y35-64,M,UA,PER,M,NA,2022
2022-07,EU27_2020,Y35-64,M,UA,PER,M,NA,2022
2022-08,EU27_2020,Y35-64,M,UA,PER,M,NA,2022
2022-09,EU27_2020,Y35-64,M,UA,PER,M,NA,2022
2022-10,EU27_2020,Y35-64,M,UA,PER,M,NA,2022
2022-11,EU27_2020,Y35-64,M,UA,PER,M,NA,2022
2022-12,EU27_2020,Y35-64,M,UA,PER,M,NA,2022
2023-01,EU27_2020,Y35-64,M,UA,PER,M,NA,2023
2023-02,EU27_2020,Y35-64,M,UA,PER,M,NA,2023
2023-03,EU27_2020,Y35-64,M,UA,PER,M,NA,2023
2023-04,EU27_2020,Y35-64,M,UA,PER,M,NA,2023
2023-05,EU27_2020,Y35-64,M,UA,PER,M,NA,2023
2023-06,EU27_2020,Y35-64,M,UA,PER,M,NA,2023
2023-07,EU27_2020,Y35-64,M,UA,PER,M,NA,2023
2023-08,EU27_2020,Y35-64,M,UA,PER,M,NA,2023
2023-09,EU27_2020,Y35-64,M,UA,PER,M,NA,2023
2023-10,EU27_2020,Y35-64,M,UA,PER,M,NA,2023
2023-11,EU27_2020,Y35-64,M,UA,PER,M,NA,2023
2023-12,EU27_2020,Y35-64,M,UA,PER,M,NA,2023
2024-01,EU27_2020,Y35-64,M,UA,PER,M,NA,2024
2024-02,EU27_2020,Y35-64,M,UA,PER,M,NA,2024
2024-03,EU27_2020,Y35-64,M,UA,PER,M,NA,2024
2024-04,EU27_2020,Y35-64,M,UA,PER,M,NA,2024
2024-05,EU27_2020,Y35-64,M,UA,PER,M,NA,2024
2024-06,EU27_2020,Y35-64,M,UA,PER,M,NA,2024
2024-07,EU27_2020,Y35-64,M,UA,PER,M,NA,2024
2024-08,EU27_2020,Y35-64,M,UA,PER,M,NA,2024
2024-09,EU27_2020,Y35-64,M,UA,PER,M,NA,2024
2024-10,EU27_2020,Y35-64,M,UA,PER,M,NA,2024
2024-11,EU27_2020,Y35-64,M,UA,PER,M,NA,2024
2024-12,EU27_2020,Y35-64,M,UA,PER,M,NA,2024
2025-01,EU27_2020,Y35-64,M,UA,PER,M,7410,2025
2025-02,EU27_2020,Y35-64,M,UA,PER,M,5990,2025
2025-03,EU27_2020,Y35-64,M,UA,PER,M,6490,2025
2025-04,EU27_2020,Y35-64,M,UA,PER,M,6400,2025
2025-05,EU27_2020,Y35-64,M,UA,PER,M,6110,2025
2025-06,EU27_2020,Y35-64,M,UA,PER,M,6510,2025
2025-07,EU27_2020,Y35-64,M,UA,PER,M,7670,2025
2025-08,EU27_2020,Y35-64,M,UA,PER,M,6520,2025
2025-09,EU27_2020,Y35-64,M,UA,PER,M,7765,2025
2025-10,EU27_2020,Y35-64,M,UA,PER,M,6890,2025
2025-11,EU27_2020,Y35-64,M,UA,PER,M,5505,2025
2025-12,EU27_2020,Y35-64,M,UA,PER,M,5050,2025
2026-01,EU27_2020,Y35-64,M,UA,PER,M,6460,2026
2026-02,EU27_2020,Y35-64,M,UA,PER,M,6465,2026
2026-03,EU27_2020,Y35-64,M,UA,PER,M,7350,2026
2026-04,EU27_2020,Y35-64,M,UA,PER,M,6020,2026
2026-05,EU27_2020,Y35-64,M,UA,PER,M,6380,2026
2026-06,EU27_2020,Y35-64,M,UA,PER,M,5885,2026
2026-07,EU27_2020,Y35-64,M,UA,PER,M,6180,2026
2026-08,EU27_2020,Y35-64,M,UA,PER,M,NA,2026
2022-03,EU27_2020,Y_GE65,M,UA,PER,M,NA,2022
2022-04,EU27_2020,Y_GE65,M,UA,PER,M,NA,2022
2022-05,EU27_2020,Y_GE65,M,UA,PER,M,NA,2022
2022-06,EU27_2020,Y_GE65,M,UA,PER,M,NA,2022
2022-07,EU27_2020,Y_GE65,M,UA,PER,M,NA,2022
2022-08,EU27_2020,Y_GE65,M,UA,PER,M,NA,2022
2022-09,EU27_2020,Y_GE65,M,UA,PER,M,NA,2022
2022-10,EU27_2020,Y_GE65,M,UA,PER,M,NA,2022
2022-11,EU27_2020,Y_GE65,M,UA,PER,M,NA,2022
2022-12,EU27_2020,Y_GE65,M,UA,PER,M,NA,2022
2023-01,EU27_2020,Y_GE65,M,UA,PER,M,NA,2023
2023-02,EU27_2020,Y_GE65,M,UA,PER,M,NA,2023
2023-03,EU27_2020,Y_GE65,M,UA,PER,M,NA,2023
2023-04,EU27_2020,Y_GE65,M,UA,PER,M,NA,2023
2023-05,EU27_2020,Y_GE65,M,UA,PER,M,NA,2023
2023-06,EU27_2020,Y_GE65,M,UA,PER,M,NA,2023
2023-07,EU27_2020,Y_GE65,M,UA,PER,M,NA,2023
2023-08,EU27_2020,Y_GE65,M,UA,PER,M,NA,2023
2023-09,EU27_2020,Y_GE65,M,UA,PER,M,NA,2023
2023-10,EU27_2020,Y_GE65,M,UA,PER,M,NA,2023
2023-11,EU27_2020,Y_GE65,M,UA,PER,M,NA,2023
2023-12,EU27_2020,Y_GE65,M,UA,PER,M,NA,2023
2024-01,EU27_2020,Y_GE65,M,UA,PER,M,NA,2024
2024-02,EU27_2020,Y_GE65,M,UA,PER,M,NA,2024
2024-03,EU27_2020,Y_GE65,M,UA,PER,M,NA,2024
2024-04,EU27_2020,Y_GE65,M,UA,PER,M,NA,2024
2024-05,EU27_2020,Y_GE65,M,UA,PER,M,NA,2024
2024-06,EU27_2020,Y_GE65,M,UA,PER,M,NA,2024
2024-07,EU27_2020,Y_GE65,M,UA,PER,M,NA,2024
2024-08,EU27_2020,Y_GE65,M,UA,PER,M,NA,2024
2024-09,EU27_2020,Y_GE65,M,UA,PER,M,NA,2024
2024-10,EU27_2020,Y_GE65,M,UA,PER,M,NA,2024
2024-11,EU27_2020,Y_GE65,M,UA,PER,M,NA,2024
2024-12,EU27_2020,Y_GE65,M,UA,PER,M,NA,2024
2025-01,EU27_2020,Y_GE65,M,UA,PER,M,835,2025
2025-02,EU27_2020,Y_GE65,M,UA,PER,M,620,2025
2025-03,EU27_2020,Y_GE65,M,UA,PER,M,580,2025
2025-04,EU27_2020,Y_GE65,M,UA,PER,M,665,2025
2025-05,EU27_2020,Y_GE65,M,UA,PER,M,645,2025
2025-06,EU27_2020,Y_GE65,M,UA,PER,M,685,2025
2025-07,EU27_2020,Y_GE65,M,UA,PER,M,790,2025
2025-08,EU27_2020,Y_GE65,M,UA,PER,M,705,2025
2025-09,EU27_2020,Y_GE65,M,UA,PER,M,880,2025
2025-10,EU27_2020,Y_GE65,M,UA,PER,M,725,2025
2025-11,EU27_2020,Y_GE65,M,UA,PER,M,625,2025
2025-12,EU27_2020,Y_GE65,M,UA,PER,M,645,2025
2026-01,EU27_2020,Y_GE65,M,UA,PER,M,840,2026
2026-02,EU27_2020,Y_GE65,M,UA,PER,M,820,2026
2026-03,EU27_2020,Y_GE65,M,UA,PER,M,875,2026
2026-04,EU27_2020,Y_GE65,M,UA,PER,M,690,2026
2026-05,EU27_2020,Y_GE65,M,UA,PER,M,750,2026
2026-06,EU27_2020,Y_GE65,M,UA,PER,M,545,2026
2026-07,EU27_2020,Y_GE65,M,UA,PER,M,560,2026
2026-08,EU27_2020,Y_GE65,M,UA,PER,M,NA,2026
2022-03,EU27_2020,UNK,M,UA,PER,M,NA,2022
2022-04,EU27_2020,UNK,M,UA,PER,M,NA,2022
2022-05,EU27_2020,UNK,M,UA,PER,M,NA,2022
2022-06,EU27_2020,UNK,M,UA,PER,M,NA,2022
2022-07,EU27_2020,UNK,M,UA,PER,M,NA,2022
2022-08,EU27_2020,UNK,M,UA,PER,M,NA,2022
2022-09,EU27_2020,UNK,M,UA,PER,M,NA,2022
2022-10,EU27_2020,UNK,M,UA,PER,M,NA,2022
2022-11,EU27_2020,UNK,M,UA,PER,M,NA,2022
2022-12,EU27_2020,UNK,M,UA,PER,M,NA,2022
2023-01,EU27_2020,UNK,M,UA,PER,M,NA,2023
2023-02,EU27_2020,UNK,M,UA,PER,M,NA,2023
2023-03,EU27_2020,UNK,M,UA,PER,M,NA,2023
2023-04,EU27_2020,UNK,M,UA,PER,M,NA,2023
2023-05,EU27_2020,UNK,M,UA,PER,M,NA,2023
2023-06,EU27_2020,UNK,M,UA,PER,M,NA,2023
2023-07,EU27_2020,UNK,M,UA,PER,M,NA,2023
2023-08,EU27_2020,UNK,M,UA,PER,M,NA,2023
2023-09,EU27_2020,UNK,M,UA,PER,M,NA,2023
2023-10,EU27_2020,UNK,M,UA,PER,M,NA,2023
2023-11,EU27_2020,UNK,M,UA,PER,M,NA,2023
2023-12,EU27_2020,UNK,M,UA,PER,M,NA,2023
2024-01,EU27_2020,UNK,M,UA,PER,M,NA,2024
2024-02,EU27_2020,UNK,M,UA,PER,M,NA,2024
2024-03,EU27_2020,UNK,M,UA,PER,M,NA,2024
2024-04,EU27_2020,UNK,M,UA,PER,M,NA,2024
2024-05,EU27_2020,UNK,M,UA,PER,M,NA,2024
2024-06,EU27_2020,UNK,M,UA,PER,M,NA,2024
2024-07,EU27_2020,UNK,M,UA,PER,M,NA,2024
2024-08,EU27_2020,UNK,M,UA,PER,M,NA,2024
2024-09,EU27_2020,UNK,M,UA,PER,M,NA,2024
2024-10,EU27_2020,UNK,M,UA,PER,M,NA,2024
2024-11,EU27_2020,UNK,M,UA,PER,M,NA,2024
2024-12,EU27_2020,UNK,M,UA,PER,M,NA,2024
2025-01,EU27_2020,UNK,M,UA,PER,M,0,2025
2025-02,EU27_2020,UNK,M,UA,PER,M,0,2025
2025-03,EU27_2020,UNK,M,UA,PER,M,0,2025
2025-04,EU27_2020,UNK,M,UA,PER,M,0,2025
2025-05,EU27_2020,UNK,M,UA,PER,M,0,2025
2025-06,EU27_2020,UNK,M,UA,PER,M,0,2025
2025-07,EU27_2020,UNK,M,UA,PER,M,0,2025
2025-08,EU27_2020,UNK,M,UA,PER,M,0,2025
2025-09,EU27_2020,UNK,M,UA,PER,M,0,2025
2025-10,EU27_2020,UNK,M,UA,PER,M,0,2025
2025-11,EU27_2020,UNK,M,UA,PER,M,0,2025
2025-12,EU27_2020,UNK,M,UA,PER,M,0,2025
2026-01,EU27_2020,UNK,M,UA,PER,M,0,2026
2026-02,EU27_2020,UNK,M,UA,PER,M,0,2026
2026-03,EU27_2020,UNK,M,UA,PER,M,0,2026
2026-04,EU27_2020,UNK,M,UA,PER,M,5,2026
2026-05,EU27_2020,UNK,M,UA,PER,M,0,2026
2026-06,EU27_2020,UNK,M,UA,PER,M,0,2026
2026-07,EU27_2020,UNK,M,UA,PER,M,0,2026
2026-08,EU27_2020,UNK,M,UA,PER,M,NA,2026
2022-03,EU27_2020,TOTAL,F,UA,PER,M,NA,2022
2022-04,EU27_2020,TOTAL,F,UA,PER,M,NA,2022
2022-05,EU27_2020,TOTAL,F,UA,PER,M,NA,2022
2022-06,EU27_2020,TOTAL,F,UA,PER,M,NA,2022
2022-07,EU27_2020,TOTAL,F,UA,PER,M,NA,2022
2022-08,EU27_2020,TOTAL,F,UA,PER,M,141720,2022
2022-09,EU27_2020,TOTAL,F,UA,PER,M,117290,2022
2022-10,EU27_2020,TOTAL,F,UA,PER,M,104260,2022
2022-11,EU27_2020,TOTAL,F,UA,PER,M,86760,2022
2022-12,EU27_2020,TOTAL,F,UA,PER,M,69800,2022
2023-01,EU27_2020,TOTAL,F,UA,PER,M,63280,2023
2023-02,EU27_2020,TOTAL,F,UA,PER,M,54950,2023
2023-03,EU27_2020,TOTAL,F,UA,PER,M,57225,2023
2023-04,EU27_2020,TOTAL,F,UA,PER,M,39460,2023
2023-05,EU27_2020,TOTAL,F,UA,PER,M,47350,2023
2023-06,EU27_2020,TOTAL,F,UA,PER,M,51190,2023
2023-07,EU27_2020,TOTAL,F,UA,PER,M,48455,2023
2023-08,EU27_2020,TOTAL,F,UA,PER,M,44650,2023
2023-09,EU27_2020,TOTAL,F,UA,PER,M,42250,2023
2023-10,EU27_2020,TOTAL,F,UA,PER,M,43140,2023
2023-11,EU27_2020,TOTAL,F,UA,PER,M,35475,2023
2023-12,EU27_2020,TOTAL,F,UA,PER,M,25040,2023
2024-01,EU27_2020,TOTAL,F,UA,PER,M,33385,2024
2024-02,EU27_2020,TOTAL,F,UA,PER,M,29135,2024
2024-03,EU27_2020,TOTAL,F,UA,PER,M,27970,2024
2024-04,EU27_2020,TOTAL,F,UA,PER,M,31640,2024
2024-05,EU27_2020,TOTAL,F,UA,PER,M,31070,2024
2024-06,EU27_2020,TOTAL,F,UA,PER,M,37010,2024
2024-07,EU27_2020,TOTAL,F,UA,PER,M,41010,2024
2024-08,EU27_2020,TOTAL,F,UA,PER,M,34665,2024
2024-09,EU27_2020,TOTAL,F,UA,PER,M,35520,2024
2024-10,EU27_2020,TOTAL,F,UA,PER,M,35355,2024
2024-11,EU27_2020,TOTAL,F,UA,PER,M,28875,2024
2024-12,EU27_2020,TOTAL,F,UA,PER,M,22980,2024
2025-01,EU27_2020,TOTAL,F,UA,PER,M,26660,2025
2025-02,EU27_2020,TOTAL,F,UA,PER,M,21190,2025
2025-03,EU27_2020,TOTAL,F,UA,PER,M,23100,2025
2025-04,EU27_2020,TOTAL,F,UA,PER,M,23765,2025
2025-05,EU27_2020,TOTAL,F,UA,PER,M,23955,2025
2025-06,EU27_2020,TOTAL,F,UA,PER,M,29230,2025
2025-07,EU27_2020,TOTAL,F,UA,PER,M,33760,2025
2025-08,EU27_2020,TOTAL,F,UA,PER,M,27255,2025
2025-09,EU27_2020,TOTAL,F,UA,PER,M,31400,2025
2025-10,EU27_2020,TOTAL,F,UA,PER,M,30265,2025
2025-11,EU27_2020,TOTAL,F,UA,PER,M,23475,2025
2025-12,EU27_2020,TOTAL,F,UA,PER,M,20885,2025
2026-01,EU27_2020,TOTAL,F,UA,PER,M,27035,2026
2026-02,EU27_2020,TOTAL,F,UA,PER,M,25935,2026
2026-03,EU27_2020,TOTAL,F,UA,PER,M,28860,2026
2026-04,EU27_2020,TOTAL,F,UA,PER,M,23125,2026
2026-05,EU27_2020,TOTAL,F,UA,PER,M,23650,2026
2026-06,EU27_2020,TOTAL,F,UA,PER,M,22185,2026
2026-07,EU27_2020,TOTAL,F,UA,PER,M,22510,2026
2026-08,EU27_2020,TOTAL,F,UA,PER,M,NA,2026
2022-03,EU27_2020,Y_LT14,F,UA,PER,M,NA,2022
2022-04,EU27_2020,Y_LT14,F,UA,PER,M,NA,2022
2022-05,EU27_2020,Y_LT14,F,UA,PER,M,NA,2022
2022-06,EU27_2020,Y_LT14,F,UA,PER,M,NA,2022
2022-07,EU27_2020,Y_LT14,F,UA,PER,M,NA,2022
2022-08,EU27_2020,Y_LT14,F,UA,PER,M,NA,2022
2022-09,EU27_2020,Y_LT14,F,UA,PER,M,NA,2022
2022-10,EU27_2020,Y_LT14,F,UA,PER,M,NA,2022
2022-11,EU27_2020,Y_LT14,F,UA,PER,M,NA,2022
2022-12,EU27_2020,Y_LT14,F,UA,PER,M,NA,2022
2023-01,EU27_2020,Y_LT14,F,UA,PER,M,NA,2023
2023-02,EU27_2020,Y_LT14,F,UA,PER,M,NA,2023
2023-03,EU27_2020,Y_LT14,F,UA,PER,M,NA,2023
2023-04,EU27_2020,Y_LT14,F,UA,PER,M,NA,2023
2023-05,EU27_2020,Y_LT14,F,UA,PER,M,NA,2023
2023-06,EU27_2020,Y_LT14,F,UA,PER,M,NA,2023
2023-07,EU27_2020,Y_LT14,F,UA,PER,M,NA,2023
2023-08,EU27_2020,Y_LT14,F,UA,PER,M,NA,2023
2023-09,EU27_2020,Y_LT14,F,UA,PER,M,NA,2023
2023-10,EU27_2020,Y_LT14,F,UA,PER,M,NA,2023
2023-11,EU27_2020,Y_LT14,F,UA,PER,M,NA,2023
2023-12,EU27_2020,Y_LT14,F,UA,PER,M,NA,2023
2024-01,EU27_2020,Y_LT14,F,UA,PER,M,NA,2024
2024-02,EU27_2020,Y_LT14,F,UA,PER,M,NA,2024
2024-03,EU27_2020,Y_LT14,F,UA,PER,M,NA,2024
2024-04,EU27_2020,Y_LT14,F,UA,PER,M,NA,2024
2024-05,EU27_2020,Y_LT14,F,UA,PER,M,NA,2024
2024-06,EU27_2020,Y_LT14,F,UA,PER,M,NA,2024
2024-07,EU27_2020,Y_LT14,F,UA,PER,M,NA,2024
2024-08,EU27_2020,Y_LT14,F,UA,PER,M,NA,2024
2024-09,EU27_2020,Y_LT14,F,UA,PER,M,NA,2024
2024-10,EU27_2020,Y_LT14,F,UA,PER,M,NA,2024
2024-11,EU27_2020,Y_LT14,F,UA,PER,M,NA,2024
2024-12,EU27_2020,Y_LT14,F,UA,PER,M,NA,2024
2025-01,EU27_2020,Y_LT14,F,UA,PER,M,4250,2025
2025-02,EU27_2020,Y_LT14,F,UA,PER,M,3475,2025
2025-03,EU27_2020,Y_LT14,F,UA,PER,M,3680,2025
2025-04,EU27_2020,Y_LT14,F,UA,PER,M,3620,2025
2025-05,EU27_2020,Y_LT14,F,UA,PER,M,3305,2025
2025-06,EU27_2020,Y_LT14,F,UA,PER,M,4225,2025
2025-07,EU27_2020,Y_LT14,F,UA,PER,M,5340,2025
2025-08,EU27_2020,Y_LT14,F,UA,PER,M,4720,2025
2025-09,EU27_2020,Y_LT14,F,UA,PER,M,4125,2025
2025-10,EU27_2020,Y_LT14,F,UA,PER,M,3680,2025
2025-11,EU27_2020,Y_LT14,F,UA,PER,M,3015,2025
2025-12,EU27_2020,Y_LT14,F,UA,PER,M,2925,2025
2026-01,EU27_2020,Y_LT14,F,UA,PER,M,3970,2026
2026-02,EU27_2020,Y_LT14,F,UA,PER,M,3925,2026
2026-03,EU27_2020,Y_LT14,F,UA,PER,M,4495,2026
2026-04,EU27_2020,Y_LT14,F,UA,PER,M,3540,2026
2026-05,EU27_2020,Y_LT14,F,UA,PER,M,3390,2026
2026-06,EU27_2020,Y_LT14,F,UA,PER,M,3220,2026
2026-07,EU27_2020,Y_LT14,F,UA,PER,M,3690,2026
2026-08,EU27_2020,Y_LT14,F,UA,PER,M,NA,2026
2022-03,EU27_2020,Y14-17,F,UA,PER,M,NA,2022
2022-04,EU27_2020,Y14-17,F,UA,PER,M,NA,2022
2022-05,EU27_2020,Y14-17,F,UA,PER,M,NA,2022
2022-06,EU27_2020,Y14-17,F,UA,PER,M,NA,2022
2022-07,EU27_2020,Y14-17,F,UA,PER,M,NA,2022
2022-08,EU27_2020,Y14-17,F,UA,PER,M,NA,2022
2022-09,EU27_2020,Y14-17,F,UA,PER,M,NA,2022
2022-10,EU27_2020,Y14-17,F,UA,PER,M,NA,2022
2022-11,EU27_2020,Y14-17,F,UA,PER,M,NA,2022
2022-12,EU27_2020,Y14-17,F,UA,PER,M,NA,2022
2023-01,EU27_2020,Y14-17,F,UA,PER,M,NA,2023
2023-02,EU27_2020,Y14-17,F,UA,PER,M,NA,2023
2023-03,EU27_2020,Y14-17,F,UA,PER,M,NA,2023
2023-04,EU27_2020,Y14-17,F,UA,PER,M,NA,2023
2023-05,EU27_2020,Y14-17,F,UA,PER,M,NA,2023
2023-06,EU27_2020,Y14-17,F,UA,PER,M,NA,2023
2023-07,EU27_2020,Y14-17,F,UA,PER,M,NA,2023
2023-08,EU27_2020,Y14-17,F,UA,PER,M,NA,2023
2023-09,EU27_2020,Y14-17,F,UA,PER,M,NA,2023
2023-10,EU27_2020,Y14-17,F,UA,PER,M,NA,2023
2023-11,EU27_2020,Y14-17,F,UA,PER,M,NA,2023
2023-12,EU27_2020,Y14-17,F,UA,PER,M,NA,2023
2024-01,EU27_2020,Y14-17,F,UA,PER,M,NA,2024
2024-02,EU27_2020,Y14-17,F,UA,PER,M,NA,2024
2024-03,EU27_2020,Y14-17,F,UA,PER,M,NA,2024
2024-04,EU27_2020,Y14-17,F,UA,PER,M,NA,2024
2024-05,EU27_2020,Y14-17,F,UA,PER,M,NA,2024
2024-06,EU27_2020,Y14-17,F,UA,PER,M,NA,2024
2024-07,EU27_2020,Y14-17,F,UA,PER,M,NA,2024
2024-08,EU27_2020,Y14-17,F,UA,PER,M,NA,2024
2024-09,EU27_2020,Y14-17,F,UA,PER,M,NA,2024
2024-10,EU27_2020,Y14-17,F,UA,PER,M,NA,2024
2024-11,EU27_2020,Y14-17,F,UA,PER,M,NA,2024
2024-12,EU27_2020,Y14-17,F,UA,PER,M,NA,2024
2025-01,EU27_2020,Y14-17,F,UA,PER,M,1115,2025
2025-02,EU27_2020,Y14-17,F,UA,PER,M,815,2025
2025-03,EU27_2020,Y14-17,F,UA,PER,M,945,2025
2025-04,EU27_2020,Y14-17,F,UA,PER,M,980,2025
2025-05,EU27_2020,Y14-17,F,UA,PER,M,935,2025
2025-06,EU27_2020,Y14-17,F,UA,PER,M,1525,2025
2025-07,EU27_2020,Y14-17,F,UA,PER,M,2270,2025
2025-08,EU27_2020,Y14-17,F,UA,PER,M,1890,2025
2025-09,EU27_2020,Y14-17,F,UA,PER,M,2500,2025
2025-10,EU27_2020,Y14-17,F,UA,PER,M,1505,2025
2025-11,EU27_2020,Y14-17,F,UA,PER,M,1065,2025
2025-12,EU27_2020,Y14-17,F,UA,PER,M,915,2025
2026-01,EU27_2020,Y14-17,F,UA,PER,M,1285,2026
2026-02,EU27_2020,Y14-17,F,UA,PER,M,1110,2026
2026-03,EU27_2020,Y14-17,F,UA,PER,M,1265,2026
2026-04,EU27_2020,Y14-17,F,UA,PER,M,990,2026
2026-05,EU27_2020,Y14-17,F,UA,PER,M,995,2026
2026-06,EU27_2020,Y14-17,F,UA,PER,M,1020,2026
2026-07,EU27_2020,Y14-17,F,UA,PER,M,1335,2026
2026-08,EU27_2020,Y14-17,F,UA,PER,M,NA,2026
2022-03,EU27_2020,Y18-34,F,UA,PER,M,NA,2022
2022-04,EU27_2020,Y18-34,F,UA,PER,M,NA,2022
2022-05,EU27_2020,Y18-34,F,UA,PER,M,NA,2022
2022-06,EU27_2020,Y18-34,F,UA,PER,M,NA,2022
2022-07,EU27_2020,Y18-34,F,UA,PER,M,NA,2022
2022-08,EU27_2020,Y18-34,F,UA,PER,M,NA,2022
2022-09,EU27_2020,Y18-34,F,UA,PER,M,NA,2022
2022-10,EU27_2020,Y18-34,F,UA,PER,M,NA,2022
2022-11,EU27_2020,Y18-34,F,UA,PER,M,NA,2022
2022-12,EU27_2020,Y18-34,F,UA,PER,M,NA,2022
2023-01,EU27_2020,Y18-34,F,UA,PER,M,NA,2023
2023-02,EU27_2020,Y18-34,F,UA,PER,M,NA,2023
2023-03,EU27_2020,Y18-34,F,UA,PER,M,NA,2023
2023-04,EU27_2020,Y18-34,F,UA,PER,M,NA,2023
2023-05,EU27_2020,Y18-34,F,UA,PER,M,NA,2023
2023-06,EU27_2020,Y18-34,F,UA,PER,M,NA,2023
2023-07,EU27_2020,Y18-34,F,UA,PER,M,NA,2023
2023-08,EU27_2020,Y18-34,F,UA,PER,M,NA,2023
2023-09,EU27_2020,Y18-34,F,UA,PER,M,NA,2023
2023-10,EU27_2020,Y18-34,F,UA,PER,M,NA,2023
2023-11,EU27_2020,Y18-34,F,UA,PER,M,NA,2023
2023-12,EU27_2020,Y18-34,F,UA,PER,M,NA,2023
2024-01,EU27_2020,Y18-34,F,UA,PER,M,NA,2024
2024-02,EU27_2020,Y18-34,F,UA,PER,M,NA,2024
2024-03,EU27_2020,Y18-34,F,UA,PER,M,NA,2024
2024-04,EU27_2020,Y18-34,F,UA,PER,M,NA,2024
2024-05,EU27_2020,Y18-34,F,UA,PER,M,NA,2024
2024-06,EU27_2020,Y18-34,F,UA,PER,M,NA,2024
2024-07,EU27_2020,Y18-34,F,UA,PER,M,NA,2024
2024-08,EU27_2020,Y18-34,F,UA,PER,M,NA,2024
2024-09,EU27_2020,Y18-34,F,UA,PER,M,NA,2024
2024-10,EU27_2020,Y18-34,F,UA,PER,M,NA,2024
2024-11,EU27_2020,Y18-34,F,UA,PER,M,NA,2024
2024-12,EU27_2020,Y18-34,F,UA,PER,M,NA,2024
2025-01,EU27_2020,Y18-34,F,UA,PER,M,8540,2025
2025-02,EU27_2020,Y18-34,F,UA,PER,M,6920,2025
2025-03,EU27_2020,Y18-34,F,UA,PER,M,7505,2025
2025-04,EU27_2020,Y18-34,F,UA,PER,M,7665,2025
2025-05,EU27_2020,Y18-34,F,UA,PER,M,7670,2025
2025-06,EU27_2020,Y18-34,F,UA,PER,M,9155,2025
2025-07,EU27_2020,Y18-34,F,UA,PER,M,10575,2025
2025-08,EU27_2020,Y18-34,F,UA,PER,M,8415,2025
2025-09,EU27_2020,Y18-34,F,UA,PER,M,12385,2025
2025-10,EU27_2020,Y18-34,F,UA,PER,M,12670,2025
2025-11,EU27_2020,Y18-34,F,UA,PER,M,9505,2025
2025-12,EU27_2020,Y18-34,F,UA,PER,M,8155,2025
2026-01,EU27_2020,Y18-34,F,UA,PER,M,10045,2026
2026-02,EU27_2020,Y18-34,F,UA,PER,M,9460,2026
2026-03,EU27_2020,Y18-34,F,UA,PER,M,10270,2026
2026-04,EU27_2020,Y18-34,F,UA,PER,M,8140,2026
2026-05,EU27_2020,Y18-34,F,UA,PER,M,8150,2026
2026-06,EU27_2020,Y18-34,F,UA,PER,M,7485,2026
2026-07,EU27_2020,Y18-34,F,UA,PER,M,7590,2026
2026-08,EU27_2020,Y18-34,F,UA,PER,M,NA,2026
2022-03,EU27_2020,Y35-64,F,UA,PER,M,NA,2022
2022-04,EU27_2020,Y35-64,F,UA,PER,M,NA,2022
2022-05,EU27_2020,Y35-64,F,UA,PER,M,NA,2022
2022-06,EU27_2020,Y35-64,F,UA,PER,M,NA,2022
2022-07,EU27_2020,Y35-64,F,UA,PER,M,NA,2022
2022-08,EU27_2020,Y35-64,F,UA,PER,M,NA,2022
2022-09,EU27_2020,Y35-64,F,UA,PER,M,NA,2022
2022-10,EU27_2020,Y35-64,F,UA,PER,M,NA,2022
2022-11,EU27_2020,Y35-64,F,UA,PER,M,NA,2022
2022-12,EU27_2020,Y35-64,F,UA,PER,M,NA,2022
2023-01,EU27_2020,Y35-64,F,UA,PER,M,NA,2023
2023-02,EU27_2020,Y35-64,F,UA,PER,M,NA,2023
2023-03,EU27_2020,Y35-64,F,UA,PER,M,NA,2023
2023-04,EU27_2020,Y35-64,F,UA,PER,M,NA,2023
2023-05,EU27_2020,Y35-64,F,UA,PER,M,NA,2023
2023-06,EU27_2020,Y35-64,F,UA,PER,M,NA,2023
2023-07,EU27_2020,Y35-64,F,UA,PER,M,NA,2023
2023-08,EU27_2020,Y35-64,F,UA,PER,M,NA,2023
2023-09,EU27_2020,Y35-64,F,UA,PER,M,NA,2023
2023-10,EU27_2020,Y35-64,F,UA,PER,M,NA,2023
2023-11,EU27_2020,Y35-64,F,UA,PER,M,NA,2023
2023-12,EU27_2020,Y35-64,F,UA,PER,M,NA,2023
2024-01,EU27_2020,Y35-64,F,UA,PER,M,NA,2024
2024-02,EU27_2020,Y35-64,F,UA,PER,M,NA,2024
2024-03,EU27_2020,Y35-64,F,UA,PER,M,NA,2024
2024-04,EU27_2020,Y35-64,F,UA,PER,M,NA,2024
2024-05,EU27_2020,Y35-64,F,UA,PER,M,NA,2024
2024-06,EU27_2020,Y35-64,F,UA,PER,M,NA,2024
2024-07,EU27_2020,Y35-64,F,UA,PER,M,NA,2024
2024-08,EU27_2020,Y35-64,F,UA,PER,M,NA,2024
2024-09,EU27_2020,Y35-64,F,UA,PER,M,NA,2024
2024-10,EU27_2020,Y35-64,F,UA,PER,M,NA,2024
2024-11,EU27_2020,Y35-64,F,UA,PER,M,NA,2024
2024-12,EU27_2020,Y35-64,F,UA,PER,M,NA,2024
2025-01,EU27_2020,Y35-64,F,UA,PER,M,10865,2025
2025-02,EU27_2020,Y35-64,F,UA,PER,M,8560,2025
2025-03,EU27_2020,Y35-64,F,UA,PER,M,9500,2025
2025-04,EU27_2020,Y35-64,F,UA,PER,M,10105,2025
2025-05,EU27_2020,Y35-64,F,UA,PER,M,10610,2025
2025-06,EU27_2020,Y35-64,F,UA,PER,M,12880,2025
2025-07,EU27_2020,Y35-64,F,UA,PER,M,13840,2025
2025-08,EU27_2020,Y35-64,F,UA,PER,M,10685,2025
2025-09,EU27_2020,Y35-64,F,UA,PER,M,10690,2025
2025-10,EU27_2020,Y35-64,F,UA,PER,M,10675,2025
2025-11,EU27_2020,Y35-64,F,UA,PER,M,8215,2025
2025-12,EU27_2020,Y35-64,F,UA,PER,M,7260,2025
2026-01,EU27_2020,Y35-64,F,UA,PER,M,9640,2026
2026-02,EU27_2020,Y35-64,F,UA,PER,M,9540,2026
2026-03,EU27_2020,Y35-64,F,UA,PER,M,10860,2026
2026-04,EU27_2020,Y35-64,F,UA,PER,M,9010,2026
2026-05,EU27_2020,Y35-64,F,UA,PER,M,9580,2026
2026-06,EU27_2020,Y35-64,F,UA,PER,M,9195,2026
2026-07,EU27_2020,Y35-64,F,UA,PER,M,8555,2026
2026-08,EU27_2020,Y35-64,F,UA,PER,M,NA,2026
2022-03,EU27_2020,Y_GE65,F,UA,PER,M,NA,2022
2022-04,EU27_2020,Y_GE65,F,UA,PER,M,NA,2022
2022-05,EU27_2020,Y_GE65,F,UA,PER,M,NA,2022
2022-06,EU27_2020,Y_GE65,F,UA,PER,M,NA,2022
2022-07,EU27_2020,Y_GE65,F,UA,PER,M,NA,2022
2022-08,EU27_2020,Y_GE65,F,UA,PER,M,NA,2022
2022-09,EU27_2020,Y_GE65,F,UA,PER,M,NA,2022
2022-10,EU27_2020,Y_GE65,F,UA,PER,M,NA,2022
2022-11,EU27_2020,Y_GE65,F,UA,PER,M,NA,2022
2022-12,EU27_2020,Y_GE65,F,UA,PER,M,NA,2022
2023-01,EU27_2020,Y_GE65,F,UA,PER,M,NA,2023
2023-02,EU27_2020,Y_GE65,F,UA,PER,M,NA,2023
2023-03,EU27_2020,Y_GE65,F,UA,PER,M,NA,2023
2023-04,EU27_2020,Y_GE65,F,UA,PER,M,NA,2023
2023-05,EU27_2020,Y_GE65,F,UA,PER,M,NA,2023
2023-06,EU27_2020,Y_GE65,F,UA,PER,M,NA,2023
2023-07,EU27_2020,Y_GE65,F,UA,PER,M,NA,2023
2023-08,EU27_2020,Y_GE65,F,UA,PER,M,NA,2023
2023-09,EU27_2020,Y_GE65,F,UA,PER,M,NA,2023
2023-10,EU27_2020,Y_GE65,F,UA,PER,M,NA,2023
2023-11,EU27_2020,Y_GE65,F,UA,PER,M,NA,2023
2023-12,EU27_2020,Y_GE65,F,UA,PER,M,NA,2023
2024-01,EU27_2020,Y_GE65,F,UA,PER,M,NA,2024
2024-02,EU27_2020,Y_GE65,F,UA,PER,M,NA,2024
2024-03,EU27_2020,Y_GE65,F,UA,PER,M,NA,2024
2024-04,EU27_2020,Y_GE65,F,UA,PER,M,NA,2024
2024-05,EU27_2020,Y_GE65,F,UA,PER,M,NA,2024
2024-06,EU27_2020,Y_GE65,F,UA,PER,M,NA,2024
2024-07,EU27_2020,Y_GE65,F,UA,PER,M,NA,2024
2024-08,EU27_2020,Y_GE65,F,UA,PER,M,NA,2024
2024-09,EU27_2020,Y_GE65,F,UA,PER,M,NA,2024
2024-10,EU27_2020,Y_GE65,F,UA,PER,M,NA,2024
2024-11,EU27_2020,Y_GE65,F,UA,PER,M,NA,2024
2024-12,EU27_2020,Y_GE65,F,UA,PER,M,NA,2024
2025-01,EU27_2020,Y_GE65,F,UA,PER,M,1895,2025
2025-02,EU27_2020,Y_GE65,F,UA,PER,M,1420,2025
2025-03,EU27_2020,Y_GE65,F,UA,PER,M,1470,2025
2025-04,EU27_2020,Y_GE65,F,UA,PER,M,1400,2025
2025-05,EU27_2020,Y_GE65,F,UA,PER,M,1435,2025
2025-06,EU27_2020,Y_GE65,F,UA,PER,M,1445,2025
2025-07,EU27_2020,Y_GE65,F,UA,PER,M,1740,2025
2025-08,EU27_2020,Y_GE65,F,UA,PER,M,1545,2025
2025-09,EU27_2020,Y_GE65,F,UA,PER,M,1700,2025
2025-10,EU27_2020,Y_GE65,F,UA,PER,M,1740,2025
2025-11,EU27_2020,Y_GE65,F,UA,PER,M,1675,2025
2025-12,EU27_2020,Y_GE65,F,UA,PER,M,1635,2025
2026-01,EU27_2020,Y_GE65,F,UA,PER,M,2100,2026
2026-02,EU27_2020,Y_GE65,F,UA,PER,M,1900,2026
2026-03,EU27_2020,Y_GE65,F,UA,PER,M,1970,2026
2026-04,EU27_2020,Y_GE65,F,UA,PER,M,1440,2026
2026-05,EU27_2020,Y_GE65,F,UA,PER,M,1535,2026
2026-06,EU27_2020,Y_GE65,F,UA,PER,M,1265,2026
2026-07,EU27_2020,Y_GE65,F,UA,PER,M,1345,2026
2026-08,EU27_2020,Y_GE65,F,UA,PER,M,NA,2026
2022-03,EU27_2020,UNK,F,UA,PER,M,NA,2022
2022-04,EU27_2020,UNK,F,UA,PER,M,NA,2022
2022-05,EU27_2020,UNK,F,UA,PER,M,NA,2022
2022-06,EU27_2020,UNK,F,UA,PER,M,NA,2022
2022-07,EU27_2020,UNK,F,UA,PER,M,NA,2022
2022-08,EU27_2020,UNK,F,UA,PER,M,NA,2022
2022-09,EU27_2020,UNK,F,UA,PER,M,NA,2022
2022-10,EU27_2020,UNK,F,UA,PER,M,NA,2022
2022-11,EU27_2020,UNK,F,UA,PER,M,NA,2022
2022-12,EU27_2020,UNK,F,UA,PER,M,NA,2022
2023-01,EU27_2020,UNK,F,UA,PER,M,NA,2023
2023-02,EU27_2020,UNK,F,UA,PER,M,NA,2023
2023-03,EU27_2020,UNK,F,UA,PER,M,NA,2023
2023-04,EU27_2020,UNK,F,UA,PER,M,NA,2023
2023-05,EU27_2020,UNK,F,UA,PER,M,NA,2023
2023-06,EU27_2020,UNK,F,UA,PER,M,NA,2023
2023-07,EU27_2020,UNK,F,UA,PER,M,NA,2023
2023-08,EU27_2020,UNK,F,UA,PER,M,NA,2023
2023-09,EU27_2020,UNK,F,UA,PER,M,NA,2023
2023-10,EU27_2020,UNK,F,UA,PER,M,NA,2023
2023-11,EU27_2020,UNK,F,UA,PER,M,NA,2023
2023-12,EU27_2020,UNK,F,UA,PER,M,NA,2023
2024-01,EU27_2020,UNK,F,UA,PER,M,NA,2024
2024-02,EU27_2020,UNK,F,UA,PER,M,NA,2024
2024-03,EU27_2020,UNK,F,UA,PER,M,NA,2024
2024-04,EU27_2020,UNK,F,UA,PER,M,NA,2024
2024-05,EU27_2020,UNK,F,UA,PER,M,NA,2024
2024-06,EU27_2020,UNK,F,UA,PER,M,NA,2024
2024-07,EU27_2020,UNK,F,UA,PER,M,NA,2024
2024-08,EU27_2020,UNK,F,UA,PER,M,NA,2024
2024-09,EU27_2020,UNK,F,UA,PER,M,NA,2024
2024-10,EU27_2020,UNK,F,UA,PER,M,NA,2024
2024-11,EU27_2020,UNK,F,UA,PER,M,NA,2024
2024-12,EU27_2020,UNK,F,UA,PER,M,NA,2024
2025-01,EU27_2020,UNK,F,UA,PER,M,0,2025
2025-02,EU27_2020,UNK,F,UA,PER,M,0,2025
2025-03,EU27_2020,UNK,F,UA,PER,M,0,2025
2025-04,EU27_2020,UNK,F,UA,PER,M,0,2025
2025-05,EU27_2020,UNK,F,UA,PER,M,0,2025
2025-06,EU27_2020,UNK,F,UA,PER,M,0,2025
2025-07,EU27_2020,UNK,F,UA,PER,M,0,2025
2025-08,EU27_2020,UNK,F,UA,PER,M,0,2025
2025-09,EU27_2020,UNK,F,UA,PER,M,0,2025
2025-10,EU27_2020,UNK,F,UA,PER,M,0,2025
2025-11,EU27_2020,UNK,F,UA,PER,M,0,2025
2025-12,EU27_2020,UNK,F,UA,PER,M,0,2025
2026-01,EU27_2020,UNK,F,UA,PER,M,0,2026
2026-02,EU27_2020,UNK,F,UA,PER,M,0,2026
2026-03,EU27_2020,UNK,F,UA,PER,M,0,2026
2026-04,EU27_2020,UNK,F,UA,PER,M,0,2026
2026-05,EU27_2020,UNK,F,UA,PER,M,0,2026
2026-06,EU27_2020,UNK,F,UA,PER,M,0,2026
2026-07,EU27_2020,UNK,F,UA,PER,M,0,2026
2026-08,EU27_2020,UNK,F,UA,PER,M,NA,2026
