Year,Region,Sex,Data,age0,age1,age2,age3,age4,age5,age6,age7,age8,age9,age10,age11,age12,age13,age14,age15,age16,age17,age18,age19,age20,age21,age22,age23,age24,age25,age26,age27,age28,age29,age30,age31,age32,age33,age34,age35,age36,age37,age38,age39,age40,age41,age42,age43,age44,age45,age46,age47,age48,age49,age50,age51,age52,age53,age54,age55,age56,age57,age58,age59,age60,age61,age62,age63,age64,age65,age66,age67,age68,age69,age70,age71,age72,age73,age74,age75,age76,age77,age78,age79,age80,age81,age82,age83,age84,age85,age86,age87,age88,age89,age90,age91,age92,age93,age94,age95,age96,age97,age98,age99,age100
1989,CompleteOnly,males,Dx,4353,609,373,244,223,213,208,177,166,152,131,146,118,166,185,253,340,452,423,327,462,606,620,633,636,684,751,850,876,939,876,885,1003,1045,1035,1071,1077,1231,1323,1442,1467,1247,1439,1107,1160,1531,1527,2243,2761,3219,3664,4024,4088,3586,3385,2627,3030,3813,4577,5271,5806,6112,5924,5556,5526,5686,4845,4814,4283,4116,4411,3584,3103,3760,5155,5950,6008,6038,5754,5689,5153,5006,4771,4084,3655,3253,2786,2267,1810,1698,1149,1015,762,579,455,357,297,197,131,75,182
1990,CompleteOnly,males,Dx,4041,573,317,251,215,183,177,180,148,159,129,135,141,173,204,236,295,431,439,323,458,605,654,656,664,661,701,754,817,873,954,991,1042,1091,1085,1187,1191,1265,1437,1502,1742,1820,1432,1709,1342,1384,1696,1784,2645,3168,3642,4278,4568,4664,4174,3849,3067,3441,4231,5097,5874,6263,6611,6560,6242,6069,6137,5084,5028,4588,4388,4566,3770,3272,4021,5491,5910,6170,6141,5713,5663,4877,4764,4658,3760,3423,3030,2600,2057,1629,1531,891,784,582,467,370,245,217,159,89,182
1991,CompleteOnly,males,Dx,4197,545,296,259,244,212,210,232,190,190,143,161,153,158,194,239,323,448,439,414,532,655,566,647,683,717,661,750,876,947,1076,1173,1228,1178,1348,1296,1399,1491,1520,1759,1891,2013,2301,1750,2040,1632,1603,1981,2160,3182,3723,4221,4670,5207,5480,4700,4311,3444,4028,4776,5989,6616,7048,7316,6939,6523,6497,6601,5593,5329,4920,4611,4830,4016,3457,4262,5612,6182,6293,6280,5914,5498,4818,4654,4433,3775,3183,2831,2380,1793,1440,1232,823,627,495,402,294,201,127,107,204
1992,CompleteOnly,males,Dx,4032,543,282,243,243,236,187,168,167,164,128,132,141,174,193,230,321,440,489,471,608,743,664,663,748,782,757,857,966,1082,1143,1231,1275,1388,1383,1526,1528,1636,1715,1916,2072,2222,2475,2541,2108,2452,1877,1908,2256,2335,3658,4083,4819,5555,5991,5955,5321,4793,3661,4116,5323,6372,7224,7335,7866,7483,6991,6916,6804,5824,5619,5037,4800,5039,3777,3393,4128,5575,6108,6173,6046,5741,5221,4639,4360,3941,3345,2695,2391,1936,1526,1189,1009,652,491,367,255,161,119,114,223
1993,CompleteOnly,males,Dx,4065,515,274,245,213,187,185,157,166,162,167,140,175,174,190,236,333,402,501,482,608,679,660,658,736,713,766,807,872,989,1155,1253,1250,1471,1584,1608,1690,1681,1849,1949,2150,2345,2436,2686,2775,2383,2719,2074,2070,2533,2793,3945,4663,5207,5960,6578,6703,5722,5197,4033,4654,5610,6931,7714,8081,8531,8199,7615,7316,7220,6306,5856,5271,4971,5276,4226,3608,4230,5596,6334,6223,6034,5501,5160,4421,4068,3908,2999,2379,2091,1679,1216,966,766,455,357,284,203,128,89,212
1994,CompleteOnly,males,Dx,3713,493,269,226,212,197,171,190,171,180,164,139,155,134,208,239,331,467,543,572,660,787,743,767,824,844,839,925,947,1032,1227,1280,1450,1501,1674,1684,1797,1947,1931,2148,2332,2256,2774,2715,3039,3267,2630,3012,2446,2254,2910,2895,4356,5030,5668,6656,7157,7327,6334,5607,4619,4959,6076,7253,8246,8683,8795,8651,8033,7712,7809,6509,6127,5345,5196,5333,4100,3496,4234,5446,5978,5890,5703,5131,4516,4001,3534,3231,2537,1944,1736,1251,932,700,555,327,203,162,122,102,171
1995,CompleteOnly,males,Dx,3521,508,270,172,216,180,181,173,171,144,146,144,156,155,195,254,320,480,482,597,710,772,796,798,871,916,901,1021,1070,1112,1305,1430,1508,1660,1865,1987,2099,2108,2272,2375,2739,2695,2843,3301,3340,3756,3910,3119,3692,2848,2990,3214,3442,4991,5856,6584,7432,8054,8001,6824,6375,4738,5362,6755,7898,8906,8974,9289,8848,8177,7984,7845,6607,6158,5361,5199,5193,4197,3518,4181,5426,5747,5532,5299,4658,4103,3482,3192,2636,2047,1687,1401,956,688,470,482,202,143,99,72,148
1996,CompleteOnly,males,Dx,3228,459,251,199,179,136,157,166,167,131,144,124,121,177,169,219,282,391,493,567,674,788,750,787,837,906,929,913,1038,1111,1205,1233,1409,1546,1706,1932,2129,2191,2161,2375,2571,2619,2807,2918,3280,3571,3752,4054,3284,3828,3135,2856,3405,3448,5129,5915,6852,7604,8178,8151,7445,6481,4980,5513,6710,7895,8540,9013,9261,8951,8196,7913,7660,6424,5855,5288,4945,5028,3836,3246,3810,4862,5316,5139,4778,4046,3522,2912,2656,2152,1646,1212,943,703,487,368,317,139,94,57,144
1997,CompleteOnly,males,Dx,3041,444,236,149,160,156,137,117,123,133,135,138,131,150,167,192,269,363,449,492,643,671,753,775,826,834,843,836,924,922,1040,1172,1185,1417,1612,1748,1868,2081,2268,2342,2547,2538,2791,2836,2900,3368,3407,3964,4068,3356,3958,2803,2879,3503,3503,5229,5867,6784,7500,8215,8642,7220,6519,5026,5547,6700,8000,8948,9010,9325,9066,8099,7838,7425,6205,5867,5035,4785,4684,3667,3101,3541,4533,4622,4385,4178,3405,3222,2382,2066,1763,1193,892,691,506,317,228,221,81,62,124
1998,CompleteOnly,males,Dx,2692,359,225,150,141,141,115,157,137,126,150,134,128,140,190,224,293,350,416,470,613,706,724,767,777,825,950,905,842,937,1051,1049,1169,1244,1467,1654,1714,1806,2036,2169,2410,2355,2405,2740,2712,2934,3221,3402,3732,3990,3354,3647,2693,2788,3317,3409,4927,5570,6271,7466,8388,8079,6922,6187,4718,5329,6526,7844,8588,8975,8967,8550,7888,7415,6949,5960,5572,4870,4419,4374,3349,2821,3190,3879,4172,3804,3452,3024,2479,1918,1703,1358,985,733,493,358,242,143,131,43,105
1999,CompleteOnly,males,Dx,2479,348,208,132,126,116,117,98,126,128,121,135,118,129,189,240,274,370,446,521,635,662,774,841,902,903,980,979,941,1001,1195,1126,1268,1347,1461,1709,1851,1931,2193,2310,2595,2578,2636,2774,2897,3161,3210,3554,3636,4167,4431,3471,4005,2961,2994,3678,3580,5161,5924,6979,8143,8518,8802,7409,6518,5202,5584,6873,8107,8865,9183,9416,8964,8061,7474,7153,6023,5525,4759,4374,4401,3275,2615,3055,3758,3785,3368,2975,2511,2075,1571,1319,1009,678,517,372,262,135,103,96,118
2000,CompleteOnly,males,Dx,2271,307,181,121,117,93,105,103,121,109,117,118,126,163,161,214,314,406,432,524,606,671,808,818,930,963,1011,1020,1057,1139,1209,1146,1260,1449,1439,1590,1796,2014,2178,2343,2789,2657,2843,3010,3076,3529,3506,3436,3979,4146,4555,4703,3771,4292,3171,3175,3750,3857,5523,6345,7705,8476,9069,9126,7732,6797,5237,5751,7138,8229,9228,9386,9547,8927,7906,7648,7203,5962,5486,4536,4294,4178,3078,2487,2771,3402,3344,3099,2686,2109,1696,1272,1075,817,519,358,237,129,95,81,133
2001,CompleteOnly,males,Dx,2031,282,178,138,115,106,93,98,122,119,120,102,121,149,196,232,255,408,497,539,592,751,792,803,932,1001,1027,1066,1121,1186,1257,1326,1287,1387,1469,1636,1762,1951,2179,2375,2611,2868,2862,2968,3056,3406,3624,3663,3740,4065,4364,4724,4907,3952,4462,3438,3237,3857,3869,5640,6850,7850,8701,9306,9103,7757,6699,5300,5794,6981,8279,9159,9209,9304,8658,7727,7287,6710,5667,5178,4456,3883,3832,2820,2258,2397,2890,2841,2531,2156,1704,1385,971,777,555,357,236,164,90,64,132
2002,CompleteOnly,males,Dx,1982,245,144,108,108,95,107,108,88,102,108,88,114,122,180,211,272,360,434,477,674,668,696,815,938,949,953,1056,1074,1172,1275,1300,1368,1421,1526,1735,1644,1918,2066,2349,2642,2774,3123,3198,3184,3551,3554,3912,3864,3931,4717,4595,4992,5302,4090,4850,3509,3510,3969,4093,6386,7285,7987,9120,9415,9695,7915,7148,5383,5993,7204,8741,9350,9306,9344,8534,7707,7087,6705,5577,5114,4271,3664,3454,2580,1985,2149,2484,2378,2126,1713,1280,961,708,556,382,261,146,90,69,108
2003,CompleteOnly,males,Dx,1869,269,140,99,118,87,81,78,93,86,93,75,102,115,125,196,258,359,425,475,583,626,617,726,852,930,962,1067,1102,1201,1395,1322,1336,1424,1482,1703,1638,1873,1945,2279,2677,2686,2933,3321,3334,3735,3624,3748,3910,4112,4448,4713,4901,5207,5376,4487,4863,3613,3577,4138,4662,6360,7464,8286,9123,9786,9745,8140,7143,5527,6131,7388,8775,9243,9239,9300,8672,7398,6993,6556,5277,4746,3937,3388,3360,2242,1719,1866,2205,2033,1750,1448,1061,820,532,374,252,144,102,69,98
2004,CompleteOnly,males,Dx,1886,235,124,84,96,79,84,81,81,63,74,94,76,97,132,175,251,313,396,404,611,589,663,727,766,890,914,1090,1157,1208,1405,1343,1406,1531,1593,1764,1815,1976,2056,2159,2723,2785,3096,3315,3654,3874,3902,4158,4129,4337,4787,4529,5077,5107,5634,6199,4602,5174,3820,3625,4805,4613,6607,7479,8506,9462,9920,9893,8218,7407,5539,5974,7254,8425,8939,9219,8792,8184,7344,6442,6122,4969,4252,3432,3015,2890,1948,1539,1584,1770,1560,1332,1029,689,554,398,252,174,98,69,122
2005,CompleteOnly,males,Dx,2003,256,119,96,108,67,85,80,89,92,75,70,87,100,138,166,222,321,391,494,571,613,658,727,819,878,1008,1107,1134,1291,1396,1521,1572,1661,1688,1886,1893,2015,2131,2341,2752,2748,3203,3486,3527,4128,4007,4313,4439,4591,5093,4986,4939,5477,5492,6215,6256,4803,5417,3957,4449,4985,4984,7056,7888,8629,9795,10459,10266,8603,7516,5770,6125,7349,8431,9326,9004,8908,8079,7156,6253,5851,4616,4101,3258,2728,2565,1667,1260,1282,1470,1290,1087,781,570,409,254,177,114,56,112
2006,CompleteOnly,males,Dx,2085,195,119,99,85,79,65,72,78,63,60,65,67,110,106,137,201,267,423,490,563,604,695,722,756,872,916,1011,1164,1252,1417,1453,1530,1605,1667,1838,1770,1915,1953,2049,2459,2410,2843,3088,3198,3798,3699,4051,4198,4306,4717,4630,4636,4787,5303,5556,5784,6085,4747,5240,4287,4086,4757,4820,6768,7463,8409,9615,10254,10171,8354,7236,5503,6021,7153,8247,8628,8777,8276,7571,6693,5952,5305,4089,3638,2858,2391,2224,1405,1085,1055,1147,983,771,578,385,287,159,111,72,111
2007,CompleteOnly,males,Dx,2365,219,134,75,78,59,83,77,65,88,67,71,78,79,126,156,217,325,417,462,638,630,688,797,829,886,925,1155,1205,1309,1462,1622,1689,1840,1821,1995,1906,2080,2090,2167,2685,2490,2802,3127,3338,3938,3968,4218,4419,4586,4861,4675,4966,5093,5009,5805,5710,6118,6377,4937,6040,4379,4022,4755,4818,7002,7668,8519,9444,10217,10093,8371,7294,5409,5847,6910,8057,8418,8380,8066,7137,6210,5329,4798,3730,3225,2443,2081,1829,1260,869,843,890,783,527,437,298,195,92,86,102
2008,CompleteOnly,males,Dx,2242,205,105,86,63,61,50,59,55,49,55,57,45,71,93,122,179,257,311,401,505,619,645,734,846,889,920,1038,1222,1210,1485,1490,1646,1758,1807,1942,1917,2089,2078,2221,2523,2466,2655,2895,3138,3648,3733,4065,4292,4406,4876,4866,4887,5084,5113,5128,5691,5891,6084,6466,5451,5958,4230,4094,4756,4757,6750,7537,8356,9385,9960,10042,8200,7066,5242,5655,6731,7862,8068,7642,7539,6785,5607,4897,4446,3325,2813,2151,1813,1565,933,663,660,665,581,420,311,189,123,66,86
2009,CompleteOnly,males,Dx,2123,198,107,62,61,52,58,47,31,45,44,61,55,86,88,105,144,210,287,328,398,509,547,593,646,713,818,927,973,1092,1141,1288,1338,1325,1488,1577,1528,1746,1681,1716,1884,1984,2000,2181,2367,2775,2767,3169,3465,3629,3846,3993,4052,4195,4348,4595,4681,5061,5195,5522,6403,5002,5523,3932,3806,4581,4503,6536,7192,8046,9212,9773,9603,7764,6866,4943,5561,6623,7414,7535,7506,6944,6271,5125,4433,3843,3019,2479,1838,1520,1279,871,550,529,510,408,305,198,126,76,117
2010,CompleteOnly,males,Dx,2128,179,102,76,73,52,50,60,50,46,28,48,58,71,91,100,136,205,229,284,389,398,484,562,603,621,737,809,828,937,1076,1085,1245,1222,1358,1445,1416,1479,1576,1575,1729,1743,1787,2012,2038,2229,2483,2774,2993,3198,3526,3595,3746,3886,4003,4254,4338,4538,4941,5136,5960,6313,4764,5375,3883,3807,4482,4492,6421,7494,8145,9133,9801,9600,8059,6886,5160,5266,6412,7223,7464,7130,6795,5683,4790,4173,3519,2654,2132,1621,1319,1061,704,415,404,360,277,197,138,63,135
2011,CompleteOnly,males,Dx,2068,159,104,75,60,68,54,42,45,42,42,56,54,57,71,95,140,175,226,280,323,388,434,481,531,609,627,727,810,795,967,1044,1126,1175,1223,1376,1404,1487,1445,1478,1538,1635,1758,1843,1879,2119,2150,2552,2719,2960,3321,3592,3748,3717,3844,4096,4372,4393,4534,4891,5450,5753,6204,4809,5264,3764,3672,4354,4392,6296,7102,7931,8915,9382,9250,7413,6507,4691,4896,5966,6619,6569,6318,5923,4998,4220,3360,2964,2113,1661,1241,907,789,484,323,271,268,209,121,66,128
2012,CompleteOnly,males,Dx,1959,144,109,88,66,52,48,46,46,36,42,44,40,48,75,91,124,131,212,251,320,391,433,437,537,644,611,666,784,840,933,1050,1087,1203,1259,1320,1389,1467,1533,1460,1657,1647,1722,1818,1869,2133,2088,2286,2715,2907,3307,3475,3616,3859,4084,4320,4288,4578,4721,4922,5512,5696,6038,6481,4835,5556,4100,3729,4541,4435,6402,7278,7914,8930,9372,9039,7447,6248,4370,4924,5615,6343,6273,5783,5302,4602,3634,2910,2418,1808,1404,1009,750,610,395,241,172,194,125,68,122
2013,CompleteOnly,males,Dx,1858,129,104,60,52,52,43,45,32,44,41,25,50,50,62,78,124,150,200,257,272,323,361,412,476,582,620,681,718,878,937,962,1068,1166,1235,1339,1418,1458,1502,1570,1639,1757,1727,1863,1811,2085,2203,2302,2400,2801,3233,3492,3729,3991,4123,4514,4323,4407,4695,4744,5246,5769,5928,6188,6607,5093,5659,4027,3820,4545,4481,6432,6977,7864,8915,9215,9013,7237,6143,4381,4597,5493,5759,5800,5421,5024,4223,3261,2596,2163,1527,1152,872,602,494,270,145,130,131,94,104
2014,CompleteOnly,males,Dx,1848,149,106,65,65,53,42,65,49,39,36,36,48,56,67,75,132,157,233,274,332,369,455,449,472,618,713,821,865,910,1088,1064,1111,1257,1332,1429,1437,1551,1654,1657,1781,1781,1794,1891,1966,2038,2186,2338,2562,2635,3084,3366,3614,3872,4102,4384,4535,4792,4814,5101,5318,5656,6049,5979,6314,6785,5234,5779,4160,4062,4747,4622,6648,7427,8153,9179,9538,9314,7390,6158,4407,4617,5185,5596,5333,4957,4547,3760,2950,2353,1889,1293,961,662,474,348,196,122,89,68,135
2015,CompleteOnly,males,Dx,1768,135,94,62,57,52,51,46,29,45,50,38,44,56,55,81,106,151,200,249,258,300,330,428,438,484,618,699,769,830,938,1052,1039,1166,1221,1365,1368,1490,1605,1655,1788,1836,1838,1988,2019,2011,2160,2308,2509,2557,2893,3156,3484,3682,4244,4420,4663,4845,4752,4942,5625,5595,5661,6279,6276,6795,7067,5457,6081,4196,4229,4786,4822,6755,7550,8351,9006,9533,9128,7183,5805,4249,4374,4992,5329,5078,4585,3975,3380,2583,1963,1515,1067,803,519,361,257,143,92,54,117
2016,CompleteOnly,males,Dx,1568,128,89,59,65,41,40,42,48,35,38,39,42,49,60,92,83,143,159,214,223,246,300,341,403,439,523,582,689,807,877,912,1058,1191,1103,1281,1402,1416,1514,1618,1710,1711,1872,1962,2064,2147,2102,2283,2438,2552,2798,2935,3164,3712,3958,4204,4668,4783,4865,5052,5597,5781,5815,5906,6272,6290,6755,6924,5540,5990,4381,4139,4879,4807,6747,7494,8199,8904,9065,8754,6761,5489,3966,3932,4483,4718,4523,3965,3467,2855,2196,1700,1140,813,593,389,257,179,101,44,102
2017,CompleteOnly,males,Dx,1483,126,78,73,56,53,33,32,46,41,46,47,39,49,64,68,91,119,143,182,220,251,286,297,332,386,481,561,647,775,902,908,1041,1150,1194,1266,1261,1410,1519,1527,1665,1750,1835,1957,1997,2073,2229,2279,2338,2517,2803,2830,2974,3376,3845,4275,4466,4748,5027,5102,5469,5556,5789,5669,5741,6220,6408,6773,7222,5378,6183,4247,4064,4727,4756,6491,7254,8036,8465,8642,8167,6509,5091,3687,3751,4056,4174,3915,3375,2959,2366,1760,1274,934,619,441,228,193,124,71,92
2018,CompleteOnly,males,Dx,1249,114,74,48,52,43,47,43,48,32,49,57,42,49,55,54,87,113,160,169,227,225,267,294,298,347,410,519,640,723,861,1032,1058,1187,1255,1449,1341,1522,1570,1731,1930,1823,2013,2151,2229,2292,2446,2460,2559,2555,2920,3066,3131,3234,3812,4355,4562,4918,5291,5316,5763,6002,5808,6009,5892,6161,6671,6708,7047,7461,5613,6281,4410,4202,4867,4781,6583,7167,7738,8334,8558,7865,6086,4866,3368,3360,3568,3733,3360,2859,2518,2057,1370,999,681,406,344,199,127,100,85
2019,CompleteOnly,males,Dx,1129,105,66,51,37,47,36,45,48,35,34,43,42,51,72,64,83,122,165,173,207,191,242,241,305,347,383,486,571,650,786,921,1055,1212,1186,1358,1418,1531,1569,1691,1846,1860,1988,2125,2101,2445,2326,2559,2582,2569,2756,2946,3208,3292,3549,3988,4313,4664,5015,5341,5781,5970,5860,5880,6198,6187,6205,6645,6690,7152,7514,5708,6319,4417,4184,4839,4723,6448,6941,7587,7917,8109,7341,5680,4471,3086,2997,3223,3206,2854,2498,2016,1527,1055,735,493,304,188,127,83,96
2020,CompleteOnly,males,Dx,1026,91,50,47,31,44,39,34,35,31,32,37,31,48,63,75,77,128,169,188,179,193,207,230,270,297,356,412,532,608,704,878,951,1101,1192,1236,1398,1497,1539,1629,1823,1843,1915,2081,2220,2386,2394,2390,2635,2722,2984,2913,3115,3412,3570,3888,4308,4780,5174,5669,6288,6493,6786,6742,6805,6913,6907,7027,7605,7838,8055,8543,6523,7081,5116,4609,5364,5081,7126,7676,8026,8449,8559,7711,5994,4590,3192,2867,3046,2982,2619,2169,1781,1318,912,610,407,233,154,82,106
2021,CompleteOnly,males,Dx,1068,73,39,47,43,33,38,30,36,42,37,47,71,59,82,89,114,97,164,192,175,216,216,246,256,282,357,402,448,554,687,796,972,1142,1260,1360,1441,1628,1678,1777,1916,2024,2026,2233,2315,2573,2595,2813,2919,3009,3364,3171,3382,3653,3793,4196,4263,5112,5596,6104,6715,7158,7244,7673,7570,7754,7999,8128,8107,8894,8962,9440,10316,7671,8388,5990,5514,6131,5762,7994,8532,8998,9355,9211,8226,6027,4564,3012,2853,2993,2750,2344,1871,1532,1143,730,460,306,170,86,120
1989,CompleteOnly,females,Dx,2914,481,258,198,167,143,104,105,92,93,68,73,86,92,103,122,153,167,164,169,169,141,168,159,168,193,167,211,220,226,262,265,277,284,351,350,359,432,430,493,613,464,580,429,466,576,642,927,1070,1308,1524,1688,1832,1656,1502,1257,1438,1916,2334,2831,3179,3473,3849,4052,4325,4780,4635,4854,4548,4682,5314,4505,4359,5426,7709,9259,10051,10712,10425,10719,9975,10086,10154,9169,8589,8163,7444,6191,5509,5308,3279,2983,2449,2092,1596,1235,985,695,648,578,1089
1990,CompleteOnly,females,Dx,2871,440,216,195,156,134,106,90,77,88,63,80,78,58,99,129,130,149,201,180,186,150,169,144,139,174,170,219,220,236,247,275,331,353,314,346,400,416,478,518,571,642,508,670,491,550,695,700,1061,1213,1437,1769,1913,2045,1788,1726,1375,1638,2100,2639,3153,3415,3862,4421,4466,4996,5393,5266,5483,5151,5260,5975,4896,4543,6107,8552,10117,10823,11367,10965,11481,10434,10539,10341,9434,8675,8052,7215,5821,5133,4925,2746,2616,1994,1760,1270,1029,814,616,493,1179
1991,CompleteOnly,females,Dx,3046,420,234,192,179,142,137,120,100,96,91,81,93,98,116,116,142,153,185,193,169,150,175,176,179,206,169,197,226,263,278,287,329,358,319,402,431,448,468,597,565,661,756,595,727,603,639,718,830,1160,1408,1661,1988,2208,2411,2164,1982,1599,1897,2397,3026,3588,3971,4371,4830,5134,5805,6199,5856,6170,5806,5914,6613,5601,5153,6567,9380,10976,11800,12307,11836,11897,10719,10685,10460,9209,8431,7680,6799,5383,4804,4199,2437,2288,1761,1346,1067,804,612,489,1266
1992,CompleteOnly,females,Dx,2827,396,220,191,152,140,103,100,97,97,80,86,91,84,118,151,176,166,187,186,179,194,217,191,168,193,205,205,221,266,297,289,383,371,369,436,460,475,530,564,652,710,759,859,696,877,684,734,887,856,1305,1531,1869,2153,2424,2586,2362,2172,1811,2122,2820,3336,3939,4328,5026,5368,5599,6170,6684,6609,6864,6273,6298,7046,5930,5522,6953,10033,11556,12104,12528,12003,12014,10662,10589,9916,8944,7784,6813,6119,4916,3985,3499,1999,1683,1319,1091,780,584,430,1267
1993,CompleteOnly,females,Dx,2743,395,226,166,155,121,112,104,91,100,71,79,91,75,109,117,162,153,192,162,180,192,175,200,186,216,247,237,240,270,328,330,350,374,400,477,454,492,543,599,662,695,791,891,1030,856,1001,775,800,1069,1078,1487,1800,2111,2577,2819,3032,2648,2520,2065,2481,3047,3766,4635,4995,5663,6258,6658,7067,7839,7427,7651,7098,7126,8046,6734,6010,7874,10985,12525,13298,13582,12340,12559,11003,10582,9903,8648,7454,6505,5699,4254,3456,3033,1602,1366,1018,825,597,450,1263
1994,CompleteOnly,females,Dx,2602,370,222,169,167,136,118,124,87,84,77,85,78,106,121,135,155,180,198,203,214,185,227,238,217,225,232,249,264,266,302,354,382,420,473,490,533,579,595,680,734,720,891,894,988,1183,922,1173,894,953,1163,1102,1649,2022,2388,2883,3208,3380,3012,2824,2242,2661,3466,4267,4991,5674,6250,6908,7107,7921,8786,8078,8461,7579,7782,8631,7156,6436,8283,11547,13182,13423,13621,12523,12091,10505,9884,9033,7646,6503,5579,4305,3427,2624,2288,1173,1026,714,571,409,987
1995,CompleteOnly,females,Dx,2514,392,188,172,149,124,116,108,96,83,71,97,97,90,103,159,160,177,203,200,214,211,226,224,252,272,261,265,295,297,335,360,380,482,492,590,607,630,705,750,804,839,883,991,1037,1249,1322,1153,1359,1036,1140,1333,1312,1977,2308,2728,3242,3549,3818,3272,3187,2505,2927,3724,4713,5530,6197,6613,7433,7809,8675,9283,8743,8906,8067,8067,8877,7338,6588,8405,11667,12854,13114,13153,11784,11393,9585,8772,8095,6702,5622,4449,3555,2571,2045,1821,831,671,507,335,898
1996,CompleteOnly,females,Dx,2313,382,182,121,136,131,106,84,94,96,79,74,92,87,117,139,145,175,193,205,196,214,207,236,235,232,275,273,301,327,315,358,360,428,464,510,564,610,672,692,797,834,871,897,1065,1184,1198,1503,1175,1388,1195,1141,1282,1382,2023,2591,2846,3424,3788,3998,3579,3185,2722,3086,4069,4960,5722,6607,7212,7899,8246,8854,9626,9168,9303,8457,8299,9140,7333,6735,8241,11583,12398,12855,12424,11230,10392,8732,7717,7019,5657,4400,3492,2717,1872,1507,1174,559,427,339,893
1997,CompleteOnly,females,Dx,2098,328,186,109,116,112,106,76,94,81,88,89,94,89,109,98,122,154,168,172,184,238,240,201,230,251,275,241,287,281,311,302,317,436,424,489,539,573,619,671,750,729,802,926,944,1129,1166,1325,1487,1155,1474,1132,1168,1414,1468,2190,2507,3105,3579,3972,4242,3641,3426,2809,3369,4242,5145,6117,6858,7611,8266,8624,9342,9949,9455,9740,8871,8711,9149,7442,6742,8122,11197,12090,11873,11489,10184,9509,7436,6799,5938,4579,3492,2776,2129,1440,1115,824,353,284,738
1998,CompleteOnly,females,Dx,1799,314,150,117,93,86,73,86,73,59,76,83,82,82,90,127,153,153,190,175,169,204,201,202,225,269,224,253,257,274,261,303,337,351,387,461,453,521,595,601,727,699,764,828,891,941,1090,1103,1334,1503,1303,1430,1095,1088,1329,1475,2188,2531,3014,3579,4002,4118,3709,3440,2971,3439,4341,5535,6395,7142,8006,8650,8883,9685,10442,9842,9757,8878,8434,9503,7608,6463,7971,10708,11585,11030,10747,9155,8293,6398,5737,4775,3552,2631,2139,1591,1086,749,628,224,609
1999,CompleteOnly,females,Dx,1708,307,134,116,110,95,64,60,70,66,75,70,80,88,114,108,139,137,179,157,179,188,190,218,211,252,272,299,237,306,333,301,329,327,400,404,498,565,596,623,756,745,857,891,939,994,1082,1204,1363,1434,1709,1387,1565,1238,1225,1532,1623,2408,2865,3389,3963,4439,4595,4205,3827,3268,3798,4735,5942,6910,7698,8712,9270,9641,10482,11107,10267,10354,9101,9106,9605,7440,6651,7959,10462,11189,10518,9789,8398,7221,5728,4797,3847,2889,2200,1565,1096,737,551,383,556
2000,CompleteOnly,females,Dx,1503,267,133,93,76,67,61,60,54,61,55,69,92,90,102,120,139,157,162,169,190,199,193,225,195,241,238,256,294,282,347,354,359,391,367,440,474,564,667,693,751,816,828,899,922,1060,1067,1147,1389,1442,1584,1846,1469,1707,1351,1413,1676,1733,2579,3026,3597,4297,4721,4989,4539,4215,3506,4101,5120,6382,7403,8585,9158,10064,10333,10973,11525,11030,11000,9595,9170,9805,7647,6656,7887,10199,10572,9801,9132,7415,6446,4748,3951,3044,2230,1512,1142,793,480,364,639
2001,CompleteOnly,females,Dx,1448,265,125,77,63,74,52,56,75,50,55,61,68,87,97,126,145,135,201,179,195,216,205,240,231,263,296,264,321,330,356,350,394,382,425,443,468,533,620,661,785,854,820,898,899,1034,1137,1160,1268,1493,1590,1817,1940,1541,1826,1487,1504,1803,1833,2764,3272,3749,4527,5107,5266,4827,4428,3618,4218,5434,6829,7929,8863,9698,10415,10739,11370,11827,11053,10977,9785,9246,9458,7319,6322,7115,9108,9233,8530,7786,6133,5279,3719,3030,2364,1627,1111,820,595,318,664
2002,CompleteOnly,females,Dx,1276,189,106,74,69,75,57,57,42,62,66,59,53,64,85,114,129,147,168,195,176,186,216,212,247,248,268,338,311,299,376,370,407,436,474,462,486,535,600,649,839,789,901,949,995,1095,1125,1235,1263,1350,1700,1741,1941,2107,1747,2064,1579,1642,1994,2105,3058,3404,4259,4906,5485,5600,4939,4803,3951,4586,5946,7328,8569,9496,10109,10899,11284,11788,12377,11387,11403,9899,8964,9350,7198,5854,6669,8337,8372,7558,6478,5195,4160,2919,2332,1618,1134,721,497,356,617
2003,CompleteOnly,females,Dx,1271,197,105,101,52,31,67,59,51,43,40,48,50,53,84,117,141,115,164,157,195,161,204,238,240,252,277,304,328,336,373,413,423,462,462,560,519,536,530,657,777,745,826,947,993,1119,1142,1237,1404,1383,1621,1843,1878,2107,2191,1980,2167,1714,1775,2064,2178,3188,3850,4432,5409,6058,6228,5480,5154,4222,5035,6316,8036,9281,10269,11110,11811,12165,12878,12956,11995,11907,9864,9123,9285,6857,5586,6312,7621,7610,6559,5641,4302,3424,2356,1779,1244,825,545,377,567
2004,CompleteOnly,females,Dx,1349,194,95,61,61,59,56,61,53,43,60,43,44,68,73,82,101,142,145,157,168,171,164,213,221,279,299,319,327,343,371,411,454,463,487,494,593,599,618,695,767,804,923,1039,1069,1205,1298,1346,1353,1536,1703,1692,1831,2107,2247,2523,1965,2317,1911,1894,2258,2271,3446,4123,4959,5631,6406,6519,5832,5353,4377,5360,6743,8214,9592,10564,11395,11939,12074,12705,12961,11467,11229,9231,8498,8310,6225,4962,5432,6539,6241,5321,4438,3164,2493,1694,1169,867,517,330,568
2005,CompleteOnly,females,Dx,1446,175,103,60,64,57,65,41,48,45,42,51,39,61,68,83,112,144,129,137,148,184,189,204,211,279,296,315,338,408,420,460,454,474,512,586,538,642,666,658,763,842,962,1055,1108,1285,1323,1342,1426,1473,1708,1755,1786,2125,2176,2620,2942,2326,2663,1987,2128,2466,2638,3875,4353,5314,6175,6872,7306,6382,5866,4832,5829,7206,8962,10349,11294,12108,12602,12687,13218,13353,11930,10914,8914,8110,8085,5675,4467,4870,5805,5383,4356,3458,2513,1935,1169,856,537,379,657
2006,CompleteOnly,females,Dx,1460,187,86,64,54,46,53,31,46,41,49,39,32,62,70,89,99,126,154,152,156,175,184,215,202,250,256,328,395,361,410,444,448,495,537,595,558,625,618,647,733,703,890,958,1026,1195,1295,1301,1361,1415,1564,1718,1794,1771,2140,2339,2673,2728,2177,2627,2030,2061,2569,2689,3973,4634,5429,6430,7251,7544,6782,6221,4965,6050,7652,9332,10767,11646,12434,13015,12952,13006,12954,11253,10450,8572,7415,7278,4969,3950,4168,4692,4230,3519,2564,1825,1292,754,566,362,586
2007,CompleteOnly,females,Dx,1697,188,101,62,59,50,41,33,45,33,29,38,39,41,61,84,100,120,141,161,172,168,213,224,237,241,300,292,347,410,477,464,528,483,600,636,613,612,715,744,807,771,837,939,1031,1264,1247,1400,1464,1513,1732,1627,1853,1917,2010,2406,2446,2694,2982,2370,2740,2063,2242,2736,2778,3999,4840,5754,6992,7569,8042,7072,6421,5264,6246,8015,9751,11170,12037,12391,13063,12890,12843,12659,10828,9741,7895,6824,6403,4293,3335,3350,3808,3416,2650,1964,1352,892,482,338,598
2008,CompleteOnly,females,Dx,1685,154,82,58,49,51,49,37,22,42,30,36,45,50,68,76,77,103,121,145,159,159,177,221,217,265,266,319,356,381,481,464,520,562,550,644,625,699,712,693,787,797,879,944,1001,1163,1239,1325,1449,1513,1692,1702,1789,1811,1941,2169,2531,2588,2798,3014,2527,2836,2203,2327,2755,2907,4281,4960,5955,7322,8063,8465,7418,6838,5488,6387,8319,10108,11396,12264,12793,13258,12807,12692,12144,10314,9309,7335,6155,5721,3816,2738,2789,3025,2574,1969,1461,937,646,345,612
2009,CompleteOnly,females,Dx,1649,126,91,51,47,48,35,27,24,33,24,39,49,43,46,48,72,92,88,99,145,142,163,171,201,245,247,273,295,347,376,397,468,480,485,574,513,549,573,608,660,759,712,740,820,1020,1049,1105,1240,1378,1454,1519,1646,1621,1796,1997,2077,2300,2386,2782,3069,2341,2845,2172,2284,2787,2960,4411,5187,6250,7424,8392,8846,7760,6997,5651,6692,8616,10433,11678,12400,13087,12841,12670,12012,11622,9522,8634,6408,5400,5029,3158,2326,2209,2359,1868,1418,1055,637,417,614
2010,CompleteOnly,females,Dx,1499,147,87,61,35,33,36,27,30,27,42,28,39,41,47,81,74,82,114,95,107,126,162,150,170,203,239,272,270,322,342,358,392,412,408,452,464,513,575,591,578,622,675,732,740,768,894,1078,1068,1235,1379,1359,1524,1579,1732,1826,1932,2005,2289,2559,2810,3102,2510,3043,2272,2438,3077,3261,4693,5668,6710,8087,9100,9611,8369,7545,5897,7197,9000,10865,12262,12815,13179,13040,12471,11951,11125,9188,7977,6015,4903,4225,2733,1890,1801,1911,1486,1025,699,455,625
2011,CompleteOnly,females,Dx,1530,141,80,50,44,38,31,33,22,31,34,27,28,35,50,50,63,77,77,93,108,106,124,162,153,176,210,248,229,260,329,331,349,359,418,444,455,510,540,516,610,614,588,609,707,739,807,895,975,1142,1283,1396,1482,1531,1594,1729,1880,2005,2071,2390,2451,2914,3286,2611,3082,2343,2371,3040,3282,4683,5759,6804,8111,8986,9600,8314,7586,5816,7219,9029,10836,11834,12241,12273,12151,11441,10821,9863,7942,6713,4925,3704,3364,2056,1394,1273,1314,992,634,460,647
2012,CompleteOnly,females,Dx,1469,127,73,56,40,45,37,33,37,32,33,25,35,26,40,66,67,68,64,76,101,95,112,148,182,181,212,217,296,287,279,331,374,367,402,429,472,493,565,564,601,644,662,666,748,751,785,828,962,1089,1215,1401,1452,1571,1658,1802,1915,2115,2190,2255,2625,2790,3049,3469,2846,3336,2446,2573,3219,3517,4959,6061,7377,8796,9525,10064,8643,7826,6260,7416,9258,10800,11805,12163,12016,11720,10801,9825,8727,7131,5851,4408,3328,2650,1610,1135,922,875,671,443,675
2013,CompleteOnly,females,Dx,1362,107,56,44,35,38,23,33,19,17,29,27,25,40,38,53,52,64,79,79,89,107,118,129,151,176,207,213,253,277,300,315,345,379,400,430,511,488,539,556,564,616,621,729,706,751,847,826,994,1044,1155,1290,1459,1597,1629,1850,1886,2046,2224,2279,2413,2788,3005,3295,3660,2970,3449,2709,2784,3490,3684,5544,6573,7818,9086,10472,10743,9298,8201,6506,7644,9472,10987,11852,12106,11951,11142,10136,9051,8147,6227,5074,3512,2514,2087,1282,759,655,636,460,678
2014,CompleteOnly,females,Dx,1322,132,68,48,56,38,35,24,24,26,31,21,24,24,47,47,63,63,73,80,66,102,108,118,140,187,183,239,258,303,315,318,345,434,419,469,478,498,538,588,596,669,675,737,755,781,822,876,887,1003,1171,1208,1355,1484,1636,1717,1884,2125,2228,2343,2462,2642,2922,3120,3569,3960,3240,3963,3024,3065,3839,4039,5915,7105,8410,10108,11204,11444,9719,8942,7046,8015,9883,11311,11901,11899,11623,10841,9643,8586,7245,5547,4382,2933,2123,1658,966,571,500,425,750
2015,CompleteOnly,females,Dx,1338,125,63,52,28,40,30,30,35,31,26,35,29,33,49,41,54,60,72,70,78,94,92,124,129,137,190,193,248,259,307,340,362,355,371,427,479,464,541,562,633,615,660,740,736,793,814,872,886,988,1073,1196,1321,1526,1624,1805,1921,2070,2248,2244,2524,2751,2788,3273,3476,3845,4346,3524,4158,3190,3309,4063,4357,6515,7716,9086,10891,12025,12279,10445,9305,7202,8190,9948,11117,11804,11550,11046,10120,8770,7536,6296,4589,3669,2247,1556,1180,715,365,266,642
2016,CompleteOnly,females,Dx,1163,129,50,51,43,41,29,30,33,21,24,36,21,28,32,47,54,56,52,81,75,81,83,110,114,144,170,178,211,245,269,328,317,372,390,418,446,511,547,539,594,611,679,709,807,794,801,867,922,975,1058,1106,1210,1425,1576,1670,1886,2102,2232,2344,2546,2624,2852,2892,3451,3606,4275,4549,3755,4415,3466,3619,4390,4679,7148,8354,9723,11475,12620,12461,10685,9215,7162,7862,9636,10805,11115,10665,10001,9032,7667,6404,5244,3688,2749,1715,1197,923,447,238,588
2017,CompleteOnly,females,Dx,1101,91,55,46,36,35,35,32,32,30,22,24,23,32,38,43,47,42,53,56,67,71,76,77,94,114,161,188,196,230,285,265,328,361,399,420,410,508,508,563,624,591,642,711,729,791,814,826,926,902,1091,1098,1154,1332,1478,1625,1733,1901,2175,2335,2419,2572,2846,2891,3101,3503,3808,4400,5009,4030,4715,3548,3798,4720,5000,7164,8609,10132,11762,12813,13054,10829,9277,6993,7876,9292,10431,10358,9642,8878,7934,6399,5210,4088,2850,2125,1239,801,579,284,494
2018,CompleteOnly,females,Dx,996,77,57,48,36,31,33,34,32,30,31,29,27,29,38,34,49,43,42,50,68,56,61,81,77,109,108,162,186,234,260,289,326,385,399,471,462,518,535,596,608,630,703,725,773,836,878,943,907,985,1060,1130,1235,1267,1438,1659,1763,1843,2201,2403,2622,2630,2811,3052,3212,3365,3925,4113,4704,5274,4293,5150,3938,4043,4933,5345,7747,9285,10731,12740,13796,13488,11144,9332,6913,7547,8941,9816,9767,9046,8089,6824,5506,4304,3356,2170,1488,921,566,374,472
2019,CompleteOnly,females,Dx,909,80,37,42,21,35,33,24,27,31,20,25,28,30,37,34,48,53,50,61,59,67,55,64,84,103,136,153,167,189,250,281,303,349,345,416,452,445,533,577,611,679,681,700,787,806,845,924,949,992,988,1106,1150,1249,1306,1500,1694,1810,2018,2316,2482,2656,2705,2957,3225,3430,3627,4119,4615,5107,5624,4580,5489,4135,4268,5279,5486,8282,9705,11208,13415,13965,13402,10906,9116,6927,7466,8457,8972,8796,7830,6710,5668,4398,3261,2403,1557,1014,602,338,545
2020,CompleteOnly,females,Dx,841,55,44,32,29,39,26,32,25,16,29,24,22,23,39,35,60,53,49,61,48,47,62,68,71,70,103,146,174,185,232,275,353,389,383,431,493,475,493,533,681,637,665,703,791,810,925,978,1019,1200,1097,1209,1230,1371,1420,1530,1867,2057,2308,2604,2937,3039,3359,3355,3589,3938,4115,4322,5026,5521,6197,6858,5476,6502,5041,5015,6134,6390,9372,11062,12768,14418,15156,14683,11654,9689,6936,7350,8135,8357,7965,7014,5875,4770,3546,2516,1816,1137,661,400,538
2021,CompleteOnly,females,Dx,803,52,43,29,31,20,29,21,26,32,31,27,31,42,41,54,48,43,72,60,77,57,73,71,77,97,106,112,151,171,200,260,318,333,416,448,475,548,584,566,674,753,775,825,886,985,1029,1112,1222,1304,1370,1393,1364,1682,1747,1881,2023,2376,2724,3046,3475,3998,4228,4631,4835,5043,5385,5854,6133,7213,7640,8476,9422,7669,8780,6616,6575,7864,8109,11829,13639,15450,17239,17580,16605,12806,10526,7311,7258,8243,8060,7649,6382,5227,4081,3027,2000,1411,861,518,591
1989,CompleteOnly,males,Ex,294848,302097,308193,312086.5,311201,317484,308783,292415.5,292347.5,294473.5,290914,288089,292739,297726,295231,299625.5,306544.5,309288.5,289828,269258,262571,269245,273930,270681.5,273636.5,289906,302692,308954.5,317624.5,319218.5,312182,308110.5,302028,292513.5,290396,282985.5,279123.5,285813,284324.5,291231,277086.5,242335.5,223468,179952.5,161699.5,170648,183240,233212,264953.5,281430,303259,322413,301581.5,251960.5,205073,166288.5,173264,197158.5,217450.5,229795.5,229224,225431,206183,183672,167626.5,150391.5,129760.5,113055.5,97003,86724.5,80591,64205,53754,59488.5,71696.5,74812,72348,65999,58772.5,51869.5,42957,38810,33946.5,27437.5,22164.5,18418.5,14976,10859,8808.5,6569.5,4193.5,3199,2361,1866,1317,939.5,726.5,492,357.5,265.5,352
1990,CompleteOnly,males,Ex,278098.5,295019.5,302970.5,309548.5,313062.5,312423.5,318648,309778,293116.5,292712,294597,290522.5,287690,292148.5,297027,297305,299585.5,307919.5,302751.5,286233.5,270880,265243,269065,272746.5,268979.5,272398.5,288597.5,300920,307663.5,316226,317640.5,310351.5,306023,300082.5,290740.5,288289,280712,276927.5,283846,282500,289430.5,274948.5,240347,221463.5,178504.5,160755,169528.5,181714,231024,262200,278264.5,299540,318138,297273,248057.5,201597,163128,169730,192841.5,213006.5,224262,222902.5,219023,199933.5,177476.5,161476.5,144531,124299,108092,92458,82243.5,76174,60411.5,50218,55335,66361.5,68833,66186,59912.5,52963.5,46189,37859.5,33970.5,29390,23414,18717,15345,12265,8784,6763,5060,3199.5,2389.5,1768,1364,967,687,548.5,398,326,417
1991,CompleteOnly,males,Ex,266948,278057,295269.5,303524.5,310610.5,314282.5,313546.5,319935,310799.5,293908,293319.5,294674.5,290278,287326.5,291654.5,297716,296547.5,298661,302610,299058,286987,272355,265058.5,268536,271375.5,268263.5,271901,287906,300174.5,307028,315818,316633.5,309318.5,304916.5,298990,289540,286954,279346.5,275468,282413,281161,287782,273243.5,238567.5,219764,177294,159573.5,167909,179753,228541.5,259224,274791.5,295545.5,313521.5,292635,243705,197773,159730,165705.5,188315.5,207904,218368,216140,212102.5,193128.5,170870.5,155017.5,138154.5,118441.5,102811.5,87536,77476,71528,56347.5,46515.5,51025,60747,62671.5,59841.5,53736.5,46970,40569,32934,29119.5,24935.5,19545.5,15383,12405.5,9757.5,6541,5071.5,3931.5,2460.5,1823.5,1324,1042,755,567,487,412.5,445.5
1992,CompleteOnly,males,Ex,255920,267215.5,279039.5,296051.5,304627,312390,316108.5,315345,321639,312376,295202,294392,295212,290494,287340.5,291689.5,297037,294841.5,296085.5,300004.5,299739,288426.5,272963,265361,268378.5,271394.5,268658.5,272538,288385,300550.5,307676,316360.5,316948.5,309433.5,304864.5,298721.5,289282.5,286469,278783.5,274572,281457,280266.5,286653,271755.5,237161,218389.5,176252,158163,166182,177792,225950.5,256282.5,271436.5,291317.5,308603,287657,239274.5,193781,156103.5,161701,183446,202603,212043,208994.5,204833.5,185905,164028.5,147958.5,131458,112418.5,97235,82356.5,72627,66687.5,52280.5,42844,46671,55165,56510.5,53543,47527,41191.5,35082.5,28088.5,24613.5,20701.5,15992.5,12390,9756,7572,4837.5,3854.5,3108,1939,1434.5,1031.5,828.5,616,496,465.5,473.5
1993,CompleteOnly,males,Ex,242033,255864.5,268051.5,279949.5,296755,305791.5,314113.5,317880.5,316970,323242,313870,296384.5,295337,295707.5,290607.5,287808,291543.5,296165,293724.5,294004,300125.5,300215.5,287643.5,272383,264801.5,267643,270750.5,268695,272645.5,288378,300793,307765,316563,316883,309117.5,304397,297997,288447.5,285638,277571.5,273103.5,279951,278803,284847.5,269866.5,235191,216551.5,174388.5,156404.5,164088.5,175376.5,222894.5,252611,267191.5,286189,302930,282085,234081,189204.5,152125.5,157153,178147.5,196606,204997.5,201166.5,196594,177923.5,156224.5,140625,124400,106020.5,91237,77003.5,67468.5,61752,48001,39094,42244.5,49548,50264.5,47173,41433,35409.5,29768,23489,20315,16806,12729,9709.5,7503.5,5676.5,3530,2966.5,2494.5,1563.5,1151,834,681.5,531,453,479
1994,CompleteOnly,males,Ex,226912.5,240551.5,255201,267556.5,279503,296138,305445.5,314389,318322,317370.5,323672.5,314221.5,296537.5,295427.5,295267.5,290145,286865,289887,294783.5,291968.5,293108,298192.5,296484,284807.5,270292.5,262610.5,265654.5,268778.5,267188.5,271196,286891,299246.5,306201,315211,315159.5,307356,302401,295784.5,286284.5,283259.5,274941,270336.5,277057.5,275943,281836.5,266491.5,232079.5,213406,171651,153897,161229.5,172294.5,218814,247861,261847,280039.5,296204,275144.5,227858.5,183927,147305,152021,172057.5,189816,197208,192436.5,187607.5,169182,147829,132770.5,116809.5,99159.5,84919.5,71398,62162.5,56441,43625,35269,37722,43860.5,44057.5,40931,35518,29861.5,24750,19239,16349,13253,9896.5,7449.5,5562.5,4174,2549,2308.5,2032.5,1277,950.5,695.5,583,473.5,433
1995,CompleteOnly,males,Ex,213710,225104.5,239298.5,254085,266572,278620.5,294832,304493,314086.5,318268.5,317204,323683.5,314107.5,296355,295010,294513,288854,284523,288549.5,293237.5,291302.5,290975.5,294062.5,292645,282569.5,268505.5,260718,263584,266451.5,265244,269128,284792,296913,304032.5,313003,312694,304870.5,299641,292922,283383,280019,271655,266723.5,273435.5,272392.5,277838.5,262540.5,228367,209674.5,168506.5,150870.5,158051,168708.5,214080.5,242436,255717,273223,288300,267503,221223.5,177814,142151,146442.5,165512,182341.5,188776,183317,178258.5,159776.5,139380,124467.5,109050,92022.5,78615,65770.5,56764.5,51212,39373,31385,33348,38315,38074,35002,29994.5,24802.5,20267.5,15479,12886,10260,7618.5,5506.5,4023.5,2980.5,1812.5,1817.5,1672.5,1066.5,803,595.5,513.5,441.5
1996,CompleteOnly,males,Ex,203758.5,212435.5,224045.5,238128,253157.5,265730,277689,293616,303636.5,313937.5,318214,317147.5,323631.5,314054,296108.5,294657,293574.5,287114.5,283847,287179.5,292921,289748,287345.5,290145.5,289656,280679,266868,258990,261640,264258.5,263260,267130.5,282600,294619.5,301605.5,310719,310056.5,302220.5,296776,289818.5,280176.5,276632.5,268197,263032,269685.5,268460,273782.5,258448,224350.5,205794.5,164927,147767.5,154567,164853.5,209035.5,236587.5,249301,265759,280123.5,259605.5,213836.5,171561,136787.5,140541,158489.5,174547.5,180314,174149,168449.5,150473.5,130709,116213,101112,85058,72369,60221.5,51445,46120.5,35190,27687.5,29081.5,33099,32479,29555,24847.5,20258,16359.5,12173,9970.5,7799,5626,3970,2855.5,2106.5,1256.5,1442.5,1395.5,905,685,528,464
1997,CompleteOnly,males,Ex,193657,202860.5,211762.5,222952,237037,252167,264854.5,276774,292528.5,302870.5,313775,318162.5,317046,323642,314071.5,295952,294197.5,292612,286718.5,282760,286336.5,291437,286529.5,283959,286532.5,286415.5,278633.5,265201,257370.5,259786,262127.5,261361,265183.5,280409,292186,299215.5,308288.5,307472.5,299470.5,293740,286537.5,277080.5,273345,264726,259379.5,265721.5,264782.5,269645.5,254210.5,220336.5,201584,161700.5,144647.5,151047.5,160910.5,203914,230813.5,242770.5,258298.5,271952.5,250916,206492.5,165284,131309,134664.5,151532,167121,171845.5,164747,158816,141350,122236,108003,93489.5,78315.5,66304.5,54787,46353.5,41318,31264.5,24200,25237,28332,27409,24629.5,20372,16370,12905.5,9418.5,7571.5,5781,4131,2848,2035.5,1429,866,1160,1173.5,776,603,471.5
1998,CompleteOnly,males,Ex,182961,192517.5,202484,211139.5,221834,235956.5,251235,264030.5,275982,291422.5,302052,313658,318116,316963,323692.5,314120.5,295694,293827.5,292317,285707,281383,284415.5,288445,283957.5,280779,282925.5,283302.5,276610.5,263586.5,255974.5,258076.5,260185.5,259558,263315,278247.5,289818.5,296919,306054.5,304943.5,296757,290681.5,283504,273993,270082.5,261377.5,255689.5,262119.5,261041.5,265598.5,250056,216235,197787.5,158644.5,141531,147607,156957.5,199077,225115,236567.5,251120.5,263149.5,242731.5,199378,159181,126103.5,128914,144796,159553.5,163494,155649.5,149548,132428,114047.5,100168.5,86253.5,71829,60444,49572,41570,36819.5,27654.5,21029.5,21654.5,24044,23016.5,20316.5,16587.5,12964,10057,7181,5642.5,4237,2950,1998,1414.5,957,588.5,941.5,999.5,677,533.5
1999,CompleteOnly,males,Ex,171563,181445.5,191759,202127.5,210446.5,220767,234927,250419.5,263319,275208,290364.5,301350,313544,318140.5,316916,323750,314070.5,295753,293781,291512.5,284324.5,279358,281918,286188,281417,277621,279218.5,280028,274436,262096.5,254371.5,256254,258073,257717.5,261372,276048.5,287438,294588.5,303792.5,302355.5,293898.5,287708.5,280419.5,270902.5,266898,257979,252123,258348,257334,261513,245721,212367,194027,155454.5,138449,144041.5,153184,194163.5,219664,230206,243422,254689,234430.5,192214,153081,120776,123141.5,138032,152085.5,155086.5,146594,140236.5,123668,105947,92508,79152.5,65409.5,54711.5,44616.5,36993.5,32549,24234.5,18009.5,18431,20145,18958.5,16631,13286,10138,7689,5335,4129,2999,2036.5,1388,940.5,615,399.5,768.5,859.5,594
2000,CompleteOnly,males,Ex,164935,170435.5,180299,191046.5,201782,209776,219789,234035,249652.5,262690.5,274563.5,289368.5,300689,313542.5,318251,316915.5,323850.5,314686,295883.5,293448,290443,282623,277173,279645,283890.5,278835,274323,275440.5,276724,272296.5,260408,252664,254369.5,255892.5,255823,259363,273779.5,285019.5,292159.5,301332.5,299485,291008,284634.5,277188,267714.5,263376,254389.5,248247,254463,253314.5,257022.5,241386.5,208231,190024,152105,135139,140469,149191,189096.5,213747,223301.5,235474,245716,225566.5,184730.5,146539,115314.5,117280.5,131013,144404.5,146497.5,137273.5,130770,114578.5,97847.5,84784,71906,59048,49112,39737,32451,28448,20922.5,15224.5,15316,16561,15371,13298,10385.5,7734.5,5677,3907,2895.5,2037.5,1364.5,897.5,610.5,386,273,638,741.5
2001,CompleteOnly,males,Ex,161997,163954.5,169747,179267,190346.5,201432,209152,218805.5,233083.5,248877.5,262029,273835.5,288420.5,300018.5,313496.5,318319,316969,324706,315041.5,295763.5,292920,289151,280585.5,274966,277383,281598,276338.5,271032.5,271651.5,273353.5,270099.5,258748,250954.5,252397,253687.5,253807,257315.5,271416.5,282427,289509,298633.5,296506.5,287986.5,281372,273745,264126.5,259591.5,250501.5,244154.5,250199.5,248986,252373,236751,203866,185793,148525,131777,136718,144964.5,183788,207348.5,216009.5,227171,236228,216842.5,176995.5,140014,109841.5,111209.5,123949,136559,137789.5,127886.5,121287,105897,89799,77087,64929.5,52914,43692.5,34963.5,28212,24545,17898.5,12574,12585,13364,12203,10397,7948.5,5728.5,4102,2694.5,1930.5,1339.5,856,560,375,232.5,176,529.5
2002,CompleteOnly,males,Ex,162654,161112.5,163617.5,169148,178589.5,190119.5,201107,208609.5,218138.5,232578,248363.5,261627,273345.5,287744,299733.5,313391.5,318171,317643,324959.5,314844.5,295346.5,292063.5,287622.5,278963,273266,275628.5,279912,274295,268522,269102,271185,268694,257011,249476.5,250425.5,251767,251974.5,255239.5,269139.5,279920,286865,295908.5,293356,284874.5,277962.5,270176,260479.5,255667.5,246455,240047.5,245778.5,244394,247465,231813.5,199374.5,181370.5,144852.5,128235,132802,140704.5,177950,200403,208222,218372,226919.5,207642.5,169109.5,133297.5,104168,105070.5,116792,128546.5,128408.5,118675.5,112037,97251,81889,69790,58214.5,47060.5,38483,30461.5,24297,21116.5,14958,10364,10221.5,10645,9589,8028.5,6023.5,4138.5,2928.5,1807,1288,833,522,342,229.5,139.5,163.5
2003,CompleteOnly,males,Ex,168808,162063.5,160784.5,163343.5,168912,178372.5,189913.5,200879,208385,217899,232352,248130.5,261431.5,273134.5,287461.5,299409.5,313079.5,318674,317695.5,324655.5,314390,294639.5,290954.5,286432.5,277766.5,272013,274447.5,278585,273010.5,267265,267575,269779,267199.5,255600.5,247965,248764.5,250052.5,250155.5,253272,266947.5,277259,284261,292871,290183.5,281634.5,274312.5,266653,256643.5,251780,242454,235554.5,241168,239514.5,242230,226828,194592,176856.5,141005.5,124587,128862.5,135925,171739.5,193015,200012,209376,217016.5,198226,160942.5,126355,98369.5,98820,109394,119836,119043,109392,102743.5,88646.5,74208,62625,51788,41453.5,33515,26381,20788,17777.5,12394,8531.5,8156.5,8354.5,7397,6089,4468.5,2960,1989.5,1198,832.5,511.5,330,222.5,157.5,176
2004,CompleteOnly,males,Ex,175733.5,168239.5,161776,160585.5,163167.5,168715.5,178228.5,189751,200698,208209.5,217712,232176,248000.5,261259,272927,287236,299169,313680.5,318859.5,317452.5,324234.5,313711,293671,289779,285276.5,276629.5,270921,273203.5,277266.5,271757,265776.5,266173,268376,265764.5,254066.5,246358,247039,248172,248217,251192.5,264378,274579.5,281340.5,289693.5,286824,277920,270641,262703,252745,247641,237843.5,231071.5,236301,234414.5,236893.5,221180,189742.5,172139.5,137085,120830,124462.5,131088.5,165357.5,185474,191712,200110.5,207108,188763,152600,119365.5,92428.5,92602.5,102014.5,111312.5,109930,100217.5,93557.5,80403,66706.5,55792.5,45681,36165,28979.5,22676,17633.5,14760,10236,6861,6376,6423.5,5574,4553,3232,2065.5,1336.5,765,509,311,205.5,145.5,200.5
2005,CompleteOnly,males,Ex,179321.5,175204.5,168003.5,161653.5,160464,163032.5,168615,178146.5,189622.5,200574.5,208087,217594.5,232068,247852,261108.5,272758,287071.5,299881,314005.5,318728.5,317037.5,323627,312780,292593,288727,284256,275588.5,269775.5,271957.5,276068,270354.5,264445.5,264744.5,266808,264218,252383.5,244625,245125,246198.5,246129,248704.5,261712.5,271628.5,278141,286272,282950.5,274099.5,266535,258559.5,248437,242769.5,233194.5,226231,231126,229102,230820,215442,184670,167339.5,132966.5,116652,119774,126032,158689.5,177779,183155,190792.5,196948.5,178910.5,144136.5,112143.5,86489.5,86323.5,94714,102987.5,100795.5,91160.5,84683,72284,59453,49278,39922.5,31206,24843,19285,14784,12097.5,8307.5,5454.5,4944,4882,4104.5,3339,2372,1407,850.5,464.5,294.5,185.5,128,211
2006,CompleteOnly,males,Ex,185527.5,178805.5,175018.5,167889,161549,160382,162944,168517,178058.5,189529.5,200485.5,207988,217494.5,231946,247729,260929,272639,287843.5,300267,314068.5,318479.5,316710.5,322836.5,311826.5,291823,287889,283387,274579,268697.5,270834,274743.5,269070,263050.5,263200.5,265339,262537,250729,242835.5,243270.5,244203,243768.5,246327,258988,268582,274964.5,282544.5,279204.5,270172,262436,254238,243672,238158.5,228435,221359.5,225966.5,223433,224929,209850,179522.5,162498,128609,112299.5,115178.5,120777.5,152064.5,170149.5,174675.5,181378,186577.5,168983.5,135602,105017.5,80651,80060.5,87479.5,94628,91925,82369,76092,64438,52558,43141,34485.5,26679.5,20970,16235,12239.5,9778,6674,4308.5,3730,3596.5,2963.5,2428.5,1706,920,534.5,261,173,119.5,209
2007,CompleteOnly,males,Ex,194306,185011,178614.5,174885.5,167785.5,161456,160293.5,162843.5,168421,177973.5,189428.5,200407,207899,217408.5,231810,247562.5,260828,273522,288428,300583,314036.5,318274,315975.5,321940.5,311170,291096.5,287233,282496.5,273585,267628.5,269578,273540,267673,261549,261702.5,263689.5,260902.5,249014,241075,241425,241920,241575.5,243870.5,256159.5,265609,271426,278957.5,275308,266131,258253,249488,239316.5,233488.5,223644.5,216545,220491.5,217941,219112.5,204037,174476,157357,124020,108171.5,110582,115780,145503.5,162523,166313.5,171972,176309,159236,127263,98080,74858,73926.5,80510,86640,83340,73934.5,67867,57032.5,46131,37453,29613.5,22577.5,17590,13555,10026.5,7832,5267.5,3318.5,2766.5,2608.5,2100,1751,1238,586.5,327.5,152.5,110.5,208.5
2008,CompleteOnly,males,Ex,204878,193842,184810.5,178505.5,174792,167697.5,161395,160239,162754,168346.5,177876,189366.5,200346.5,207826,217303.5,231695,247491,261867,274211.5,288685.5,300543.5,313644,317367,314984,321075.5,310349.5,290388,286327.5,281497.5,272546,266380,268376.5,272065.5,266072,259945.5,259940.5,261993,259102,247183.5,239155,239101,239689.5,239153.5,241128.5,253235.5,262135,267928.5,275035.5,271212,261951,253469,244996,234591.5,228528.5,218748.5,211391,215072,212200.5,213101,198238,168961.5,151790.5,119600,104001,106046,110633,138951.5,154937,158004.5,162665.5,166270,149492,118991,91158.5,69272.5,68037.5,73725.5,78769,74994,65954.5,60110.5,50110.5,40191.5,32289.5,25166,18892,14617.5,11228,8151.5,6132.5,4129.5,2560.5,2017,1847,1446.5,1261,895.5,375,210.5,97.5,219
2009,CompleteOnly,males,Ex,214152.5,204507.5,193681,184761.5,178467.5,174751.5,167650,161352,160199.5,162723.5,168286,177842,189333.5,200284,207756,217211,231662.5,248558.5,262408,274294.5,288517,300051,312678,316319.5,314120.5,320309.5,309555,289530.5,285420,280577.5,271417.5,265211.5,267052,270650,264621.5,258322,258410,260310,257396.5,245418,237189,237117,237585,236806.5,238668,250310.5,259113,264605.5,271388,267463.5,257775,249330,240659,230138.5,223967.5,214051.5,206611,209742.5,206805.5,207405.5,192327,163404,146614,115277,100001.5,101573,105734,132573,147573,149909,153624,156256.5,139983.5,110983,84545.5,63875.5,62329.5,67067,71190,67230,58376.5,52757,43718.5,34749,27614,21113,15678.5,11954,9205.5,6561,4751.5,3198,1931.5,1435.5,1261.5,963.5,922,667,245,152,228
2010,CompleteOnly,males,Ex,211902.5,213828.5,204390.5,193626.5,184728,178448,174724,167612,161332.5,160157,162698,168266.5,177814,189263.5,200200,207659.5,217236,232653.5,248941.5,262454.5,274086,288065.5,299121,311685,315598,313525.5,319632.5,308813.5,288821.5,284650,279666,270433,264099,265921.5,269463,263267,257049,257000,258865,255894.5,243849,235533.5,235414.5,235731,234838.5,236459,247926,256444,261642,268220.5,263993,254248,245614,236789.5,226217,219720,209802.5,202061.5,204923,201771,201690.5,186403,158229.5,141612.5,111242,96055,97262,100954.5,126360,140305.5,141790,144631.5,146489,130708,103000.5,77971.5,58476,56754,60668.5,63946,59643.5,51091,45907,37708.5,29816,23274.5,17512.5,12717.5,9703,7475.5,5199.5,3569,2398,1441.5,982.5,845.5,646,696,524,181,282
2011,CompleteOnly,males,Ex,209729.5,211592,213736,204329,193574.5,184698.5,178439.5,174689.5,167581,161296.5,160141.5,162668.5,168238.5,177756,189169,200114.5,207668,217899.5,232980,249007.5,262318.5,273705,287183,298207.5,311032.5,315023.5,312986,319026.5,308207.5,288122,283902.5,278864,269480,263097,264846,268271,262044.5,255760,255704.5,257495,254438,242308,233944.5,233788.5,233921,232951,234456.5,245572.5,253845,258852.5,265068,260680.5,250704,241986,233072.5,222354,215590,205523,197703,200123.5,196609.5,195851.5,180762,153062,136750.5,107215,92195,93060.5,96242.5,120130.5,133080.5,133835,135750,136856,121538,95257.5,71527,53338,51427,54571,57021,52625,44385,39603.5,32385.5,25314.5,19431,14391,10300.5,7807,6043,4126,2668.5,1806.5,1087,659,567.5,438,558.5,454,361.5
2012,CompleteOnly,males,Ex,214762.5,209446.5,211520.5,213696,204295.5,193542,184692,178418,174657,167578,161280.5,160123.5,162653.5,168202.5,177702.5,189091,200138.5,208722,219819,234556.5,250408.5,263363,274161.5,287562.5,298602.5,311228,315044.5,312904.5,318784.5,307853,287670.5,283327,278174.5,268558.5,262164.5,263793,267190,260841.5,254523.5,254415,256158.5,252977,240827.5,232396.5,232110.5,232102.5,231113.5,232388.5,243185.5,251212.5,255871.5,261907,257249,247136,238340.5,229132.5,218275,211329,201164,193161.5,195058,191189,190053.5,174876,147896,131861.5,103075,88365.5,88787.5,91541.5,114056,125894,125900.5,127085.5,127431,112734,87754.5,65340,48512,46451.5,48753.5,50704,46075,38377.5,34037.5,27644.5,21313,16230,11803.5,8317,6270,4945,3301,1975,1375.5,813,450.5,397,309.5,486,702.5
2013,CompleteOnly,males,Ex,215110.5,214528.5,209389.5,211471,213699,204281.5,193533.5,184694,178406,174654.5,167565.5,161275,160124,162615.5,168184.5,177644,189160.5,201812,211707,222234.5,236636.5,251880.5,264017.5,274764,288071.5,298770.5,311227,315010,312749.5,318543,307421.5,287117,282734.5,277291,267652.5,261122.5,262758,266007,259603.5,253200.5,253086,254723.5,251493.5,239203,230809,230322.5,230213.5,229111,230155,240660.5,248266.5,252744.5,258550,253626.5,243360.5,234223,224943,214062,206858,196602.5,188253.5,189632,185466.5,183906.5,168877.5,142549,126723.5,98877.5,84430.5,84428.5,86806.5,107805.5,118804,118133,118378.5,118137,103977.5,80321.5,59413,43855.5,41551.5,43250.5,44639,40129.5,32795.5,28876.5,23294.5,17821.5,13460.5,9531.5,6636,4990.5,4020,2633,1446.5,1044,636.5,336.5,279,241,1057.5
2014,CompleteOnly,males,Ex,212989,214944.5,214491.5,209372.5,211488,213720.5,204303.5,193553.5,184710.5,178426.5,174682.5,167568,161290,160097.5,162595.5,168161.5,177732.5,190669,204109,213568,223595,237157,251550.5,263655,274434.5,287533.5,298254.5,310796,314543.5,312281,317915.5,306721,286443,281859.5,276340,266576.5,260012.5,261544.5,264754,258208,251789,251604.5,253194.5,249817,237589.5,229045.5,228403,228108.5,226962,227780,237826,245237.5,249428.5,254972,249801.5,239278.5,230004,220631.5,209603.5,202186.5,191735.5,182958.5,183881.5,179556.5,177662.5,162710,137056.5,121456,94618,80353,79952,81941.5,101609.5,111567,110158,109675,108692,95026,72930.5,53476.5,39267,36771.5,37986,38989,34501.5,27599,24173.5,19351,14755.5,10896.5,7605,5158,3918.5,3288.5,2129.5,1044.5,818,521.5,252.5,220.5,1160.5
2015,CompleteOnly,males,Ex,207218.5,212802,214916.5,214504,209378,211525.5,213749.5,204336,193584.5,184730.5,178455.5,174695,167570.5,161281,160088.5,162591.5,168257,178970,192450.5,205667,214724,223812,236842,251136.5,263284,273918,287024.5,297767.5,310298,314013.5,311656.5,317184.5,305981,285552,280901.5,275282,265460,258827.5,260269.5,263332.5,256679,250213,250043,251509.5,248125.5,235817,227197,226264,225961.5,224618,225175,235043.5,242078,245988,251263.5,245655.5,235040.5,225551.5,216080,204914.5,197187,186336.5,177487.5,177944,173456.5,171178,156288.5,131297.5,116045.5,90119,76126.5,75353,76962,95083,104112.5,102007.5,100692,99142,86096,65548.5,47745,34703.5,32179.5,32903,33612,29248.5,22826.5,19905.5,15884.5,11928.5,8724,5971.5,3939.5,3070.5,2711.5,1717,783.5,654.5,439.5,207.5,1240
2016,CompleteOnly,males,Ex,195306,206964.5,212729.5,214883.5,214487,209383.5,211515.5,213759,204334.5,193570,184724,178444,174676,167552,161254,160060.5,162608,168846,179883.5,193390,206304.5,214766,223646,236508.5,250788.5,262879,273500,286584,297310,309756.5,313363.5,310961,316367.5,305029,284604.5,279827.5,274146,264228,257529.5,258848,261748,255063.5,248546.5,248289,249722.5,246242.5,233895.5,225118.5,224064,223603,222067.5,222490,232006,238682.5,242340.5,247170,241266.5,230511,220890,211330,199755,191630.5,180834,171647.5,171716,167137.5,164502,149746,125424,110473.5,85545.5,71807.5,70715.5,71862,88510,96576.5,93872,91807,89792,77476.5,58482.5,42241.5,30413.5,27847.5,28197.5,28654,24450.5,18573,16176,12803.5,9507.5,6946,4638,3003,2428,2250,1446.5,611,557,381.5,1324.5
2017,CompleteOnly,males,Ex,182388.5,195159.5,206940,212741.5,214902.5,214527,209418.5,211564.5,213802,204351,193599.5,184747,178464.5,174685,167571,161258,160094.5,163137.5,170108.5,181345,194328.5,206607,214622.5,223330.5,236216.5,250426.5,262523.5,273101,286230,296846.5,309200,312794,310252.5,315551,304149,283647,278858.5,272999.5,263045.5,256236,257406.5,260268.5,253478,246787,246512,247903,244280,231843,223029,221799.5,221066.5,219442.5,219663,228858.5,235166,238523,242954,236820,225830,216151,206135,194430,186121,175175,165938.5,165600,160957,157829.5,143216,119534,104979,80971,67603,66124.5,66778,82147.5,89294,85831.5,83323.5,80903,69270.5,51869,37114,26437.5,23887.5,23940.5,24236.5,20269.5,14899.5,12979,10195.5,7509,5526,3616,2326.5,1946,1957,1277,497.5,489.5,1594
2018,CompleteOnly,males,Ex,167779.5,182357.5,195169,206981.5,212786,214963.5,214598.5,209467.5,211625.5,213836,204384,193637.5,184777.5,178484.5,174747,167607.5,161333,161043.5,165146.5,172453,182825,194863,206412.5,214292,222918,235860.5,250149,262179,272847.5,285862,296445,308670.5,312137,309506.5,314732,303193,282694.5,277777,271851.5,261741.5,254795.5,255896.5,258709,251665.5,244937,244667.5,245908,242101.5,229690.5,220806,219228.5,218362,216651,216700,225552,231328,234378.5,238500,232011,220966.5,210924.5,200661.5,188920.5,180428,169605.5,160081,159357.5,154435,151005.5,136457,113584,99375,76402.5,63356.5,61467,61793.5,75898,82016,78081,75160,72317.5,61400,45627,32265,22704,20247,20130,20345,16647.5,11772,10306,7970,5923,4420,2848,1879.5,1638.5,1736.5,1151,432,1966.5
2019,CompleteOnly,males,Ex,155066,167787.5,182323,195169,206995,212789.5,214975.5,214611,209465.5,211617,213851.5,204379,193626,184778.5,178521,174770.5,167649.5,162383.5,163027.5,167786,174153,183508,195033,206338.5,213945,222701,235733.5,249936,261980,272588,285535.5,295943.5,307983,311289.5,308661.5,313673,302070,281504.5,276519.5,270451.5,260165.5,253146.5,254197,256795.5,249706,242889,242556,243608,239742.5,227320.5,218208.5,216479,215425.5,213555.5,213484,221686,227190,229919.5,233616,226963.5,215504,205183.5,194870,183089.5,174568.5,163505.5,153896,152794.5,147728.5,143961,129405,107479,93583.5,71713,59001.5,56768,56778.5,69532,74877,70578,67182.5,63919,53993,39743,27711.5,19258,16969,16740,16944.5,13506,9144,8000.5,6221.5,4724.5,3591,2348,1573.5,1422.5,1603,1069,2278
2020,CompleteOnly,males,Ex,145913,155122.5,167775.5,182329,195181,206992.5,212788,215000,214615.5,209453.5,211645.5,213855,204377.5,193627.5,184822,178554,174786,168517,163778.5,164858,168917.5,174482,183553,194799,205919,213543.5,222456,235471.5,249670.5,261680,272226,285048,295280.5,307138.5,310366,307637,312540.5,300793.5,280228,275138.5,268821,258518.5,251407,252255,254826,247550.5,240723,240245,241222,237207.5,224642.5,215517,213523,212208.5,210269.5,209793,217714,222762,225131,228401.5,221201.5,209551.5,199028,188539.5,176817.5,167967.5,157039.5,147280.5,145742,140505.5,136167,121924,100870,87318.5,66702,54451,51774.5,51586,62997.5,67530,62883,59062,55612.5,46543,33866.5,23264.5,15970.5,13958,13597,13904,10714.5,6892,6134,4827,3774,2963.5,1993,1364.5,1297,1504,3221.5
2021,CompleteOnly,males,Ex,137838.5,146099,155161.5,167800.5,182344.5,195202,207016.5,212799,215021.5,214613,209470,211659.5,213856.5,204353.5,193654.5,184848.5,178541.5,175473.5,169528,165069,165687.5,169165.5,174399.5,183272.5,194412.5,205574.5,213331,222329.5,235354.5,249484,261412.5,271823,284488.5,294536.5,306245,309329,306573,311305,299412.5,278788.5,273521.5,267117,256707,249447,250206,252574.5,245225.5,238294.5,237690.5,238498,234185.5,221732,212433.5,210215,208701,206458,205786,213131,217670.5,219576,222224,214666,202717.5,191962.5,181397,169553.5,160637.5,149447,139668.5,137543,132070,127367,113197,93055,80148,60834,49182,46222,45754.5,55721.5,59321.5,54579.5,50195.5,46722,38634.5,27850,18787.5,12766.5,10960.5,10671.5,11027.5,8234,4998,4596.5,3698.5,3015.5,2503,1740.5,1221,1207.5,4583.5
1989,CompleteOnly,females,Ex,280547,288582.5,295917,301151.5,300616,306392.5,298461,282675.5,282324,283857.5,281278,280120,284634.5,289864,287948.5,288095,292258.5,292749.5,280429,266202.5,261740,264890.5,266723.5,266968,271995.5,289808.5,305178,312355.5,320771.5,324556,319654.5,314976.5,310901,303309,302134.5,295756.5,292710.5,298837.5,298241,308662,295792,260455.5,241824,197780.5,180326,191066.5,206422.5,262676.5,299006,322119,351876,370408.5,344315,287666,233977,195340,214561,247392,276888.5,300948.5,310506,313805,307819,304518,299560.5,283696.5,261959.5,236077,200803.5,188125.5,173779.5,141468,126867.5,141021.5,179639.5,189427,186850,178366.5,150889,137440.5,121633.5,107415.5,95688.5,82065,68111,57417.5,48685,35219,31927.5,23517,13286.5,11100,8548.5,6887.5,5029,3767,3055.5,2199.5,1966,1693,2291
1990,CompleteOnly,females,Ex,264278.5,280881.5,289401.5,297135.5,302286.5,301342.5,307167.5,298814,282975,282730,283875,280976,279679,284176,289478,289837.5,289037,294955,291158.5,279248.5,266711.5,261944,264267,266336.5,266928,272167.5,290085,305061,312363.5,320626,324312.5,319307.5,314618,310260.5,302795.5,301396.5,294911,292007.5,298258,297705,308160.5,295084.5,259735,241224,197469.5,179995.5,190667,205814,261873,298072,320976.5,350229,368508,342312,285956,232465,193703,212373.5,244736.5,274179.5,297577.5,306226,309312,303044,299371,294091.5,277984.5,256130.5,230561,195586.5,182132.5,168350,136375.5,121371.5,134523,170736,178993.5,175694,166397,139687,125987.5,110520.5,96432.5,85190.5,72066.5,58994.5,49080,40958.5,29156,25655,17540,9172,7202,5554,4361.5,3419,2678,2408.5,1831,1852.5,2664
1991,CompleteOnly,females,Ex,253287,264496,281153.5,290107.5,298150.5,303236.5,302287,308019.5,299315,283437,283267.5,284034,280871,279308.5,283986,290806.5,289613.5,290085.5,293659.5,290479.5,279683.5,267035.5,261774,264183.5,266456.5,267349.5,272708,290502,305299,312592.5,321228.5,324738,319558.5,314558.5,310291.5,302855,301324.5,294740.5,291565,298058.5,297611,307858.5,294760.5,259198,240841.5,197175,179666.5,190165,205138,261027,297296,319841,348629.5,366633.5,340434.5,284279,230873.5,192000.5,210153,242026,271497.5,294342,301911,304775,298143,294085,288202.5,271696,250004.5,224499.5,189835,175709,162335,131080,115416,127678.5,161440,168300.5,163998,154121.5,127982,114449.5,99096,85613.5,74622.5,62458.5,50202,41116.5,33770.5,23081.5,19179.5,12185.5,5304.5,4057.5,3071,2701.5,2365,2171.5,2195.5,2017,2704
1992,CompleteOnly,females,Ex,243323.5,253983,265656.5,282315,291531,300010.5,305032.5,304005.5,309752,300657.5,284631.5,284444.5,284817,281422.5,279758.5,285455.5,291186.5,292024.5,290534.5,292834.5,290102.5,279988.5,266418,261664.5,264660.5,267293.5,268544.5,273993,291764,306584.5,314383.5,322959.5,326187,320764,315698,311407.5,303838.5,302024,295234,292011,298678.5,298238.5,308237,294892.5,259261,240787,197163.5,179400,189751.5,204520,260543.5,296769.5,319001,347264,364858,338733.5,282586,229328,190246,207928.5,239259,268774.5,290796.5,297512,300016.5,292860,288340,281869,265099.5,243105.5,217768,183549,168741,156001,125263,109281.5,120532,151667,156787.5,151900,141216,116050.5,102445,87754.5,74719,64341.5,53060.5,41862.5,33775,27182,17896,14545,8789,3259.5,2458,1868,1832,1773,1847,2057,2339
1993,CompleteOnly,females,Ex,230117,243572,255055,266759,283433.5,292806.5,301734,306707,305744,311385,301863,285734,285476.5,285562.5,281930,281275.5,286290.5,293088,292716,289175.5,291425,289201.5,278192.5,265799,261864,265032.5,268035.5,269500,275065.5,293001,307994.5,315753.5,324450,327440,321765.5,316703,312220.5,304465.5,302468,295590.5,292269,299026,298533.5,308370,294723.5,258871.5,240513.5,196795,178982,189095,203917,259828.5,295937,317797,345501,362845.5,336630,280451,227367,188235,205324,236158,265482.5,286873.5,292450.5,294466.5,287032,281892.5,274834.5,257507.5,235547.5,210424,176557,161362.5,148910,118947,102693,112779.5,140924.5,144690,138915.5,127609.5,103663,90372.5,76151,63926.5,54359.5,43973,34194,26908.5,21146.5,13624.5,11151,6540,2139.5,1610,1247,1329,1411,1619,1976
1994,CompleteOnly,females,Ex,214990.5,228957,242969.5,254621,266489.5,282782,292436,301929,306902.5,305989.5,311557,301893,285639.5,285448,285257.5,281834.5,280657,284592.5,291979.5,290776,287057,288896,286166.5,276472,264932,260905,264167,267258.5,268920,274579,292443,307515.5,315288,324303.5,326981,321234,316192,311596,303817,301678.5,294639,291236.5,298076.5,297738,307324.5,293442,257645,239265,195834,178041,187983,202818.5,258421,294330,315805.5,342876,359833.5,333459,277585.5,224813.5,185687.5,202393,232522,261638.5,282144.5,286615,288132.5,280193,274545.5,266739,249003.5,227073.5,202022,168920,153181,140958,112034,95494,104396.5,129464.5,131483.5,125077.5,113696,90966.5,78005,64872,53561.5,44789.5,35597,27123.5,20754,16037.5,10249,8623.5,4983.5,1498.5,1133.5,901.5,1017.5,1158.5,1451.5
1995,CompleteOnly,females,Ex,202085.5,213679.5,227710,241887.5,253763.5,265541,281510.5,291553.5,301409.5,306512.5,305639,311286.5,301355,285091,284991,284768.5,280746.5,278784,283306,290189.5,288693,284409.5,285157.5,283443,274905,263820,259655,262745.5,265980.5,267646,273371.5,291202,306242,314182,323367,325822.5,320053,314980.5,310308.5,302500.5,300209.5,293171,289570,296628.5,296437.5,305739,291702.5,255790.5,237644.5,194572.5,176733.5,186728,201285,256579.5,292163.5,313063,339682.5,356090.5,329671,274232.5,221800,182890.5,198982,228405.5,257208,276775.5,280006.5,281146.5,272810,266415.5,257701.5,239765,217657,193069.5,160646.5,144420.5,132585,104677.5,88026,95576,117331.5,118151,111114,99641.5,78478.5,66374.5,54223,44066.5,36111,28247.5,20894.5,15732,11919,7673.5,6709.5,3872,1111.5,849.5,690.5,809.5,978
1996,CompleteOnly,females,Ex,192203.5,201241.5,212663.5,226605.5,240951.5,253016,264588.5,280368.5,290524,300944,306141.5,305346.5,310915.5,300824.5,284508.5,284659.5,283929.5,279287,277692.5,281737,288437.5,286425,280887.5,282314,281373.5,273840,262984.5,258526.5,261545,264664.5,266430.5,272260,290066.5,304996,312937.5,322416,324608,318754,313593,308849,301069,298735,291602.5,287837,295079,294921.5,304017,289773,253825,235942.5,193110,175429,185250.5,199706,254486,289705.5,310281.5,336141.5,351980,325722,270568.5,218624.5,179868,195392.5,223978.5,252429.5,271097.5,273083,273736,264886,257736,248360,230065.5,207926,183586,152034,135529,123909,97147.5,80493,86765,105622.5,104983,97453,86141.5,66734.5,55613,44571.5,35516.5,28625.5,21800.5,15788.5,11716,8757,5679.5,5253.5,3054.5,867.5,671.5,557,659
1997,CompleteOnly,females,Ex,182845.5,191756.5,200703.5,211683,225606.5,240012,252158,263794.5,279104,289603.5,300490.5,305854,305042,310620.5,300283.5,284053,284207,283010.5,278465.5,276180.5,280083,286649.5,283290,278287.5,279817.5,279716.5,272955,262355.5,257601,260312.5,263466.5,265425.5,271284,288891.5,303672,311788,321504,323404,317444.5,312261,307389.5,299730,297277.5,290025,286080,293434,293398,302261,287778,251949,234194,191753,174105.5,183796,198020.5,252290.5,287243.5,307339.5,332429.5,347847,321492,266876,215372,176794.5,191582.5,219406,247528.5,265128.5,265859,265960.5,256536,248773.5,238673.5,220131.5,197862.5,173757.5,143183,126247,115022.5,89717,72972,78237.5,94028.5,92213.5,84483.5,73525,56002.5,45738,36027,28162.5,22045.5,16537.5,11732.5,8609,6234.5,4150,4131,2441.5,700.5,550,447
1998,CompleteOnly,females,Ex,173521.5,182201,191756.5,200205.5,210792.5,224604,239097.5,251423.5,262897.5,278029,288658.5,300117,305542,304712.5,310331.5,299886,283543.5,283830,282505.5,276986,274691,278567.5,283996.5,281010.5,276075,277734.5,278176,272244.5,261756.5,256746.5,259361,262457,264489,270245,287797,302466,310687,320635.5,322266.5,316207.5,310910,306059.5,298489.5,295876,288471.5,284356,291859,291888.5,300425,285855,250106.5,232478.5,190419.5,172787,182344.5,196281.5,250128,284790,304347.5,328756.5,343580,317378.5,263116,212079,173615.5,187682,214764,242430,258986.5,258307.5,257870,247896.5,239494,228796.5,209804.5,187356.5,163766,134108.5,116964.5,106175,82093.5,65677.5,69835,82801,80203,72475,62003.5,46127.5,37317.5,28551,21782,16785.5,12316.5,8624.5,6097.5,4341.5,2995,3264.5,1965.5,588,442
1999,CompleteOnly,females,Ex,162302,172544.5,181805.5,191691.5,199725.5,209956.5,223604,238204.5,250687,262165,276881.5,287832,299754.5,305279.5,304463.5,310116.5,299410,283471,283685.5,281447.5,275719,273239.5,276404,282198.5,279169,274061,275717.5,276738.5,271525,261362.5,256075,258463.5,261548,263575.5,269351,286780,301338,309652,319815,321200.5,314979,309632.5,304813,297253.5,294462.5,286987,282629,290312,290322,298606.5,283925.5,248237.5,230809,189069.5,171442.5,180830.5,194509.5,247902.5,282246,301260,324938,339359.5,313047,259247,208643.5,170253.5,183663.5,209857.5,236958.5,252438,250413.5,249464.5,238871.5,229693.5,218274.5,198927.5,176617.5,153417,124943.5,107388.5,97077.5,74701.5,58362,61556.5,72010,68668,61240.5,51334,37570,29796,22001,16583.5,12418,9015,6061.5,4199,2953,2168.5,2591,1605.5,478.5
2000,CompleteOnly,females,Ex,154740.5,161838.5,171773,181378,191628.5,199303,209080,222654,237415.5,250038.5,261419.5,275913.5,287082,299503,305064,304226.5,309905,299630.5,283256,283244.5,280582,274486.5,271656,274913.5,280735.5,277486,272230.5,273833,275403.5,271080.5,261049,255481.5,257714.5,260701,262833,268536.5,285916,300275.5,308674,319053.5,320142,313803.5,308433,303550,296006,293129.5,285443.5,280960,288738,288760.5,296775,282001.5,246309,229056.5,187633,170046,179191.5,192658.5,245566.5,279530,297942.5,321026.5,334758.5,308450,255077,204796,166667,179365.5,204607.5,231172,245373,242100,240300,229226.5,219235,207200,187493.5,165214.5,142595,115265.5,97593.5,87989,67154.5,50987.5,53465,61493.5,57762.5,50756,41716.5,29719.5,23262.5,16396,12135.5,8968.5,6274,4115.5,2856.5,1947,1563.5,2067,1301.5
2001,CompleteOnly,females,Ex,151895,155035,161718.5,171062,180991,191588.5,198847,208276,221780.5,236624,249358,260743,274898.5,286335.5,299192.5,304804.5,304027.5,310584,299624,282750.5,282736.5,279705,273048,270082,273522,279381.5,275847.5,270386.5,271992.5,274183.5,270587.5,260745,254960.5,256868,259856.5,262024.5,267734.5,284984,299154,307607,318247,319052,312609,307160,302251.5,294754.5,291687,283874.5,279198.5,287073.5,287033,294843.5,279875,244319,227216,186081,168447,177459.5,190653.5,243024,276497.5,294502.5,316738.5,329734.5,303475.5,250475.5,200741,162885.5,174810,199045,224899,237756.5,233134.5,230675.5,218936,208352.5,195537.5,175651.5,153480.5,131638,105389.5,87696.5,78879,59729.5,43891.5,45704.5,51714,47923,41434,33096,23039,18134,11715,8720.5,6237.5,4221.5,2706,1851.5,1227,1118,1650.5
2002,CompleteOnly,females,Ex,152789,151991,155039,161398,170510,180983,191382,198472.5,207724.5,221286.5,236136.5,249033.5,260187.5,274231,285992.5,298948,304529.5,304862,310903.5,299238,282339.5,282301,278673,271978.5,269023.5,272660.5,278290,274727,269169.5,270875.5,273509.5,270225,260315,254268.5,256160.5,259115.5,261346.5,266984,284144,298133,306733.5,317379,317878,311536,305866.5,301069,293400,290272.5,282324.5,277563,285359.5,285173,292746,277712,242293.5,225254.5,184314.5,166780,175551,188447.5,240164.5,273143.5,290559.5,311826,324337.5,298028.5,245657.5,196316,158805,169981.5,193208.5,218186,229279.5,223704.5,220589,208280,197044,183686.5,163615,141711,120470.5,95288,78024.5,70606.5,51671.5,37608.5,38609.5,43032,39189.5,33211.5,25759.5,18213.5,13189,8359.5,6074,4225,2793,1784.5,1172.5,786,1151.5
2003,CompleteOnly,females,Ex,158867.5,152355.5,151712.5,154831,161200,170336,180790.5,191175.5,198307,207519.5,221115,235970.5,248819,259960,274001.5,285736,298726.5,305371.5,305188,310708.5,298907.5,281985,281703.5,278013.5,271435.5,268444.5,272119.5,277752.5,274158,268556.5,270324,272948,269673.5,259760.5,253713,255562,258474,260714,266332,283431,297237,305853,316444.5,316842,310446.5,304593,299831,292096.5,288838,280868,275891.5,283517.5,283199,290564.5,275523.5,240218.5,223124,182476.5,164965,173496.5,186141,236974.5,269409.5,286065,306660.5,318384,292148.5,240237,191518,154383,164960,186983.5,210575.5,220260,213814,209840.5,196968,185188.5,171197.5,151066,129638,108787.5,85249,68981.5,61392,44335.5,31814,31985,35170.5,31194,26125,19767.5,13446,9426.5,5717,4068.5,2820.5,1824.5,1155,747,1210
2004,CompleteOnly,females,Ex,166196,158468,152128.5,151539,154681,161064.5,170166.5,180625.5,191061,198158.5,207391.5,220984,235827.5,248675.5,259808,273820.5,285603.5,299722.5,305779.5,305031,310468,298579.5,281400.5,281096,277586,270917,267982.5,271654.5,277226.5,273625,268030.5,269851,272411,269147.5,259221.5,253195,254973,257820,260077.5,265686,282634.5,296425,304952,315450,315763,309184,303349.5,298528.5,290686,287340,279198.5,274176,281666,281130,288336,273226.5,238041,220939.5,180579,163070.5,171378,183719,233761,265386,281320.5,301134.5,312017,285895.5,234528,186329.5,149783,159602,180410.5,202456,210784.5,203368,198488.5,185203.5,172844,158340.5,138386,117248,97370.5,75551,60264,52666,37638.5,26413,26107,28042.5,24357.5,20124,14874.5,9597.5,6595,3697,2634.5,1790.5,1164.5,725.5,1252.5
2005,CompleteOnly,females,Ex,169373.5,165809,158312.5,152006,151446.5,154584.5,160956.5,170063,180547,190985,198092.5,207280,220927,235743,248580.5,259703,273743,286778,300276,305766.5,304870,310210,298001,280854,280743,277203,270536.5,267599.5,271251,276834.5,273132.5,267607,269351,271903.5,268672,258692,252681,254347,257187.5,259445,264965,281888.5,295525,303949.5,314394.5,314561.5,307930,302007,297198,289214,285650.5,277522,272454.5,279696.5,278964,285954.5,270697,235679.5,218654.5,178490,161008.5,169130,181100,230236,261014,276371.5,295290.5,305368.5,279199,228329.5,180848,144897,153934,173372,193930.5,200761.5,192441,186750.5,173099,160169.5,145271,125598,104977.5,86310.5,66367.5,52056.5,44681,31351,21671.5,20852,21940.5,18569.5,15257,10990.5,6761.5,4414.5,2299.5,1630,1120,717,1240.5
2006,CompleteOnly,females,Ex,175567,168998,165672.5,158217,151930,151355.5,154517.5,160881,170011,180489,190929.5,198013,207221.5,220865,235671.5,248490,259656,274984.5,287415,300391.5,305690.5,304758,309715.5,297525.5,280549,280483.5,276912.5,270286.5,267270,270889.5,276426,272690,267193,268894.5,271447.5,268072,258168,252115,253736,256610.5,258762,264287.5,281077.5,294554,302980.5,313259.5,313380,306598.5,300730.5,295797.5,287661.5,284002.5,275812,270655,277669,276758,283340.5,268061,233366,216231,176364,158924,166700.5,178310.5,226469,256518,271133,289093.5,298297,272097.5,221678,175028.5,139700,147903,165916.5,184804,190216,180969.5,174578.5,160486.5,147071,132034.5,112666,93049.5,75580,57643.5,44356,37123,25765.5,17407.5,16246.5,16709,13928.5,11300,7996.5,4561.5,2897,1342.5,971.5,652.5,1218
2007,CompleteOnly,females,Ex,184215,175185,168839.5,165576.5,158145,151847,151288,154465,160824.5,169936.5,180419,190880,197949.5,207174.5,220823.5,235567,248437.5,260950,275658,287551.5,300363.5,305580.5,304221,309239,297239,280338.5,280259.5,276686.5,269976.5,266931,270533.5,275998.5,272241,266797,268403,270872,267525.5,257651,251530,253136,255884,258075.5,263547.5,280195,293634.5,301917.5,312087.5,312070.5,305291,299331,294284.5,286083,282300.5,274046.5,268825,275529,274405,280772.5,265488.5,230966,213750.5,174279,156746.5,164186.5,175373,222675.5,251807,265608,282621,290921.5,264500.5,214728,168929,134328,141554.5,158152.5,175344,179289.5,169146.5,162162,147630.5,133984,118992.5,100207,81546.5,65535,49428.5,37185.5,30487,20857.5,13764.5,12417,12592.5,10127,8219.5,5751.5,3028,1837.5,759.5,558.5,1169
2008,CompleteOnly,females,Ex,193010.5,183853.5,175045,168741,165525,158093.5,151790.5,151236.5,154414.5,160765,169877,180376,190842.5,197910,207124.5,220721,235568,249791,261599.5,275792.5,287499,300168.5,304877.5,303686,308934,297039,280154,280008,276422,269658.5,266561.5,270093,275486.5,271752,266324.5,267867,270335,266971.5,257041.5,250879.5,252426.5,255169,257286,262700,279270,292590.5,300743,310820.5,310698,303863,297771,292698,284418,280539.5,272209,266820,273253.5,271964,278109,262780.5,228385.5,211227,172031,154442,161583,172406.5,218655.5,246888,259854.5,275763,283067,256449,207515.5,162543.5,128584,135019,150139.5,165475.5,167975,157112.5,149545.5,134644,120948,106163,88140,70619.5,56023.5,41747,30795,24532.5,16625.5,10697.5,9287.5,9245,7164.5,5890,4139.5,1931.5,1200,411,1035.5
2009,CompleteOnly,females,Ex,200688,192743.5,183761,174988,168682.5,165496,158074.5,151752,151214.5,154395,160724,169835.5,180343.5,190795.5,197862.5,207057,220767,236952.5,250425.5,261738.5,275739,287284.5,299432.5,304313,303402,308771.5,296896,279979.5,279795.5,276138,269306,266165,269637.5,274991,271319.5,265828.5,267339.5,269779,266392,256480,250292.5,251747.5,254402,256516,261889.5,278301.5,291540,299617,309585.5,309394.5,302391.5,296283.5,291142.5,282789.5,278824,270390.5,264739,270977.5,269630.5,275384.5,259985.5,225801.5,208707,169705,152202,158871.5,169313.5,214522,241809,253797,268560.5,274826.5,248128.5,199909.5,155763,122792.5,128285,141700.5,155385,156276,144963,136584,121712.5,108152,93693,76539.5,60263.5,47218,34766.5,25086.5,19334,12952,8148.5,6751.5,6597.5,4944.5,4210,2999,1235.5,805.5,839.5
2010,CompleteOnly,females,Ex,198974,200478.5,192664,183715.5,174949.5,168659.5,165503.5,158071,151740,151203,154363.5,160691,169813.5,180294.5,190762.5,197832.5,207164,222135,237504.5,250516,261701,275507.5,286544.5,298849.5,304105.5,303303,308710.5,296756.5,279802.5,279573,275824,268990,265775.5,269249,274615.5,270903.5,265349,266885.5,269258.5,265880.5,255941.5,249691.5,251104.5,253729.5,255841,261099,277430.5,290555,298580.5,308449,308084.5,301086,294894.5,289601,281260.5,277159.5,268534.5,262808,268824,267229,272647.5,257232,223235,206042,167407,149793,156050,166068.5,210133.5,236419.5,247360.5,261007.5,266060.5,239203.5,191774,148704,116672.5,121172.5,132891,144928,144284.5,132362,123587,108850.5,95531,81539.5,65412,50601,39005.5,28500.5,19948.5,14811,9872,6029.5,4715,4549,3259,2994,2208,843.5,1035.5
2011,CompleteOnly,females,Ex,197396,198756.5,200413,192616.5,183698.5,174935,168664,165485,158052,151730.5,151182,154354,160679.5,169793,180263,190730.5,197978.5,208098.5,222593.5,237657,250486,261501,274877.5,286027.5,298686,304090.5,303337,308643.5,296616,279657.5,279343,275562,268648.5,265460.5,268928,274234,270486.5,264921,266389.5,268758,265359,255388.5,249133,250493,253091,255198,260380,276557.5,289636,297564,307298.5,306854.5,299756,293486,288097.5,279748.5,275475.5,266711.5,260817.5,266626,264772.5,269939.5,254317,220467,203344,164921,147313.5,153137,162676.5,205589.5,230752,240634.5,253035.5,256958.5,230018.5,183334.5,141503,110345.5,113785.5,123987.5,134075.5,132206,119873.5,110946,96405,83403.5,70095.5,55149.5,41767.5,31723.5,23045,15688,11123.5,7433,4375,3139.5,3054,2060,2221,1750.5,1245
2012,CompleteOnly,females,Ex,201890,197186,198713.5,200379.5,192614,183684.5,174924,168646,165487,158043,151723,151185.5,154347,160673.5,169767.5,180233,190815.5,198886.5,209421,223298,238180,250809,261416,274850,286229.5,298938,304332.5,303481,308644.5,296588,279570.5,279191.5,275354,268400.5,265211.5,268577,273911,270083.5,264497,265946.5,268269.5,264840.5,254863,248596,249888.5,252473.5,254511.5,259643.5,275735.5,288711,296523.5,306097,305528.5,298427.5,292031.5,286578,278108,273631,264733.5,258765,264289,262230,266994,251260,217661.5,200354.5,162442,144769,150157.5,159203,200866,224904.5,233705.5,244794.5,247666.5,220501.5,174852.5,134061,103953.5,106213.5,114961.5,123358.5,120321.5,107940.5,98702.5,84603,72171,59634.5,46065,34002,25556,18448,12074.5,8211.5,5546,3120,2052,2043.5,1349,1764,2296.5
2013,CompleteOnly,females,Ex,202554,201706,197164.5,198708,200394.5,192617.5,183674.5,174934.5,168662,165491.5,158039.5,151717.5,151198.5,154335,160647.5,169757,180307,192167.5,200709.5,210377,224010.5,238570,250687.5,261394.5,275046,286447,299160.5,304484,303553.5,308665.5,296518.5,279492,279072.5,275115.5,268152.5,264919,268287,273527,269681.5,264057.5,265475,267781.5,264316,254287,247993,249235,251778.5,253774.5,258861.5,274842.5,287695.5,295409,304796.5,304181,296978,290454.5,284906,276261,271639,262641,256496,261731,259440.5,263854,248060.5,214477,197296,159794,142066.5,146952.5,155431,195808.5,218586.5,226111,236188.5,237662,210427.5,165842,126284.5,97198.5,98502,105752,112499.5,108455.5,95973,86757.5,73308,61544.5,50196,37710.5,27182,20073.5,14438,9263,5903,4052,2211.5,1364,1393.5,942,3277
2014,CompleteOnly,females,Ex,200858,202436.5,201708.5,197182.5,198758,200443.5,192636,183718.5,174959.5,168694.5,165507.5,158046.5,151737,151215,154315.5,160657.5,169872,181968,193744.5,201538,210868.5,224194.5,238222,250456.5,261356,275132,286541.5,299282.5,304607.5,303606.5,308660.5,296547.5,279446.5,278909.5,274902,267904.5,264634,267930.5,273177.5,269267,263594,265006,267241,263706,253653,247360,248559.5,251002,253012.5,258021.5,273856,286635.5,294246,303450,302787.5,295421.5,288870.5,283088.5,274299,269533,260364,254063,258999,256441.5,260538,244509.5,211187,193934,156812,139092,143400,151353,190264,211718.5,218178.5,226726.5,226836,199659.5,156279,118115.5,89966,90543,96191,101331.5,96541.5,84143.5,75071.5,62327.5,51709.5,41227.5,30166.5,21148.5,15390.5,11220,6933,4110.5,2937.5,1620.5,880,1002,3422
2015,CompleteOnly,females,Ex,194665.5,200729.5,202434.5,201713.5,197225,198798,200466,192684.5,183753,174996,168717,165528,158057.5,151751.5,151208.5,154348.5,160810.5,171468,183385,194585,202150,211232.5,224104,238131.5,250474.5,261517.5,275286,286711,299471.5,304687,303734,308700,296522,279339.5,278769,274689.5,267628,264331,267631,272792,268825,263118.5,264469,266645.5,263072,253054,246697.5,247784,250291.5,252205.5,257116.5,272835.5,285562,292974.5,302122,301216.5,293846.5,287142.5,281072.5,272243.5,267288,257932.5,251455.5,255985.5,253207.5,256865.5,240682,207520,190171.5,153590,135794,139569.5,146953.5,184283,204278.5,209520.5,216459.5,215257,188174,146105.5,109288.5,82429,82227.5,86343.5,90226,84739,72452,63763,52020.5,42362.5,33143.5,23553,15899,11426.5,8563,5192.5,2769,2184,1178,620,3676
2016,CompleteOnly,females,Ex,182820.5,194470.5,200679,202416,201700,197227,198805,200475.5,192697.5,183770.5,175008,168721.5,165522,158050.5,151750,151222.5,154447,161517,172170.5,183903,194962,202353.5,211215.5,224017.5,238099,250552.5,261605.5,275328,286782,299478.5,304720,303647.5,308580,296339,279155,278527,274390,267297.5,263928,267225.5,272341,268314,262572.5,263842,266003,262400,252364,245943,247018,249418,251303,256120,271755.5,284308,291588.5,300558.5,299549.5,292077.5,285079.5,278899.5,269989,264780,255278,248516,252739.5,249672.5,252837,236541,203573.5,186221.5,150076.5,132223,135441.5,142160.5,177765.5,196209.5,200103.5,205492.5,202928.5,176079,135487.5,100180.5,74938,73878,76718,79315,73247,61413,53264.5,42623,34002.5,26167,17924,11513,8345,6590.5,3901.5,1882.5,1629.5,957,3668
2017,CompleteOnly,females,Ex,171374,182740,194481,200723.5,202466.5,201765.5,197279,198857,200530,192749,183840,175061.5,168741.5,165561,158103.5,151810.5,151328.5,155078.5,162553.5,173009.5,184481.5,195272,202498,211285.5,224102,238270,250750,261755.5,275528,286988.5,299643.5,304835,303725,308585,296357.5,279089.5,278410,274192,267020.5,263657.5,266875.5,271967.5,267867.5,262052.5,263305,265407,261794.5,251708,245213,246216.5,248551,250364.5,255136.5,270615,283026,290189.5,299047.5,297826.5,290255.5,283053,276828.5,267730,262306.5,252609,245660,249533,246085.5,248716,232260,199460.5,182102.5,146402.5,128541,131050,137093,170782,187917,190308,194112.5,190355,163630.5,124700.5,91245.5,67484.5,65706,67373.5,68863.5,62364.5,51326.5,43907,34217,26868,20349.5,13337.5,8224,5961,5138.5,3026,1302,1331,4051
2018,CompleteOnly,females,Ex,157926,171422.5,182790,194534,200791.5,202552.5,201833.5,197357,198913.5,200594,192834.5,183893,175110.5,168789.5,165641,158225.5,151968.5,152531.5,156645,163802.5,173798.5,184801.5,195407,202507,211255,224291.5,238512.5,251014.5,262019.5,275804,287248.5,299836.5,304967.5,303780.5,308652,296321.5,279000.5,278230.5,273958,266754,263323.5,266524,271537.5,267361,261523,262750.5,264783,261097,250982.5,244456,245353,247604.5,249395,254084.5,269412,281706,288738,297430.5,296114,288321.5,280966.5,274607,265307.5,259670,249768,242650,246080.5,242246.5,244302,227605.5,195123.5,177671.5,142513.5,124529,126452,131773.5,163616,179034,180097.5,182256,176865.5,150805.5,113669,82248,59958.5,57808.5,58385,58852.5,52312.5,42070.5,35352.5,26956.5,20862,15521.5,9753,5645,4375.5,4135,2450,985,4828
2019,CompleteOnly,females,Ex,145292,157989,171430.5,182781.5,194542,200797.5,202588,201861,197382,198917,200618,192839.5,183924.5,175115.5,168868,165738.5,158339.5,153249.5,153923,157957,164509,173947,184792.5,195291.5,202330,211335.5,224368.5,238635.5,251137.5,262121,275907.5,287288.5,299809,304894.5,303689.5,308484.5,296071,278750,277865,273535,266289.5,262843.5,265967.5,270908,266733,260868,262015.5,263989.5,260230.5,250146.5,243543.5,244389,246550,248290,252896.5,268076,280150.5,287105.5,295631.5,294041,285970.5,278516,271980,262542.5,256557,246539.5,239138,242200,237922.5,239370,222566.5,190291.5,172801.5,138189,120298,121523,126017,155778,169599.5,169165,169397,163021.5,137502,102657,73192,52699,50037.5,49750,49480.5,43039.5,33610,28010.5,20780.5,15834,11733,7054.5,3932.5,3319.5,3440,2131.5,5226
2020,CompleteOnly,females,Ex,136533,145366.5,158001,171441.5,182782,194542,200826.5,202603.5,201887.5,197386.5,198934,200635,192864,183929,175190.5,168943,165786.5,159453.5,154295,154937,158541,164482.5,173834.5,184603,195075,202342,211360,224397.5,238703,251209,262165.5,275944,287229.5,299733,304756.5,303539.5,308215,295834.5,278406,277461.5,273035,265755.5,262304,265326.5,270278.5,266056.5,260114,261178.5,263052.5,259309.5,249151,242532.5,243269.5,245382.5,247080,251564.5,266498.5,278366,285217,293416.5,291488.5,283292.5,275643.5,268915.5,259273,253058,242731,235229,237618.5,232893.5,233778,216620,184866,167215,133341.5,115573.5,115966,119664.5,147247.5,159223.5,157189,155845,148215.5,123784,91361,63931.5,45316.5,42486,41449.5,40823,34695.5,26263,21683.5,15645,11908.5,8882,5119.5,2863.5,2693,3035.5,6724.5
2021,CompleteOnly,females,Ex,129471.5,136711.5,145391.5,158032,171443.5,182805,194562.5,200854.5,202616.5,201904.5,197417.5,198940,200658,192877,183981.5,175244,168969.5,166728.5,160209,155020.5,155452.5,158474.5,164375,173630.5,184387.5,195015,202370.5,211454.5,224435.5,238766.5,251250.5,262184,275851,287112,299541.5,304560,303267,307857.5,295434,277992.5,276937.5,272450.5,265145.5,261641.5,264610.5,269501.5,265166,259165.5,260144.5,261959.5,258103,247961,241281,241925.5,243916.5,245513.5,249809,264476.5,276086.5,282613.5,290444,288159,279760.5,271758.5,264742.5,255009,248389,237850.5,229938.5,231540,226311,226368,209049,177679,160049.5,127106,109681,109130,112067.5,136946,146762.5,143288,140089.5,131708.5,108575.5,78791.5,54222.5,37645,34949,33345,32672.5,26854,19684,16095,11406.5,8748.5,6702,3858,2252,2281.5,9046.5
