window,male_2022,male_2023,male_2024,female_2025,male_2025,counterfactual_e0_2025_f,counterfactual_e0_2025_m,band_counterfactual_e0_2025_m,band_male_loss_2025
2000-2019 (used),4.69,4.13,5.63,0.128,6.47,77.87,68.07,65.23-70.73,5.97-6.96
1995-2019,4.69,4.12,5.62,0.128,6.45,77.86,67.98,65.33-70.48,5.98-6.91
2005-2019,4.74,4.18,5.72,0.129,6.59,78.21,68.7,65.66-71.52,6.04-7.11
2010-2019,4.66,4.1,5.57,0.128,6.39,77.92,67.71,65.58-69.57,6.04-6.72
"2000-2021, with the COVID years",4.39,3.86,5.24,0.116,6.01,74.38,65.53,62.70-68.12,5.53-6.47
"2000-2019, jumping off the observed rates (Lee-Miller)",4.69,4.13,5.62,0.128,6.47,77.87,68.07,NA,NA
"2000-2019, coherent with eight neighbours (Li-Lee)",4.79,4.22,5.77,0.13,6.64,78.32,68.96,67.60-70.29,6.39-6.89
"2000-2019, forecast mortality one SD lower",4.82,4.26,5.84,0.131,6.73,78.55,69.51,NA,NA
"2000-2019, forecast mortality one SD higher",4.57,4.01,5.43,0.126,6.23,77.23,66.72,NA,NA
